19900114,10998,37.84,92,12,6,1
19900114,15079,37.72,91.96,28,4.1,1
19900114,37502,37.92,92.02,15,4.3,1
19900118,53406,37.75,92.35,2,3.2,0
19900123,73054,37.96,92.04,1,3.7,0
19900124,74861,38.58,91.17,17,3.6,0
19900127,39587,38.1,92.49,14,3.7,0
19900202,65385,34.26,100.99,5,3.5,0
19900202,69638,37.91,91.99,10,3.9,0
19900211,38692,37.86,91.76,10,4.2,1
19900213,27807,37.69,91.63,2,4.2,1
19900324,13005,38.75,97.96,10,3.4,0
19900415,63839,33.34,98.36,29,3.4,0
19900420,24855,38.5,98.11,9,3.6,0
19900426,34630,36.06,100.33,9,5.8,1
19900426,35752,36.25,100.3,18,4.6,1
19900426,36935,35.97,99.95,5,4.5,1
19900426,60278,36.21,100.22,32,4.2,1
19900426,62476,36.12,100.15,10,4.2,1
19900426,81644,35.98,100.05,21,4,0
19900427,5512,36.17,100.21,22,3.9,0
19900427,7070,36.1,100.27,15,3.8,0
19900427,27145,36.02,100.23,22,3.3,0
19900427,55032,36.23,100.16,29,3.7,0
19900428,14206,36.32,100.25,12,4.3,1
19900428,29776,36.24,100.28,22,3.8,0
19900428,63780,36.23,100.14,23,4,0
19900428,74687,33.3,96.77,10,4.3,1
19900428,79799,36.2,100.12,8,4,0
19900429,32039,36.37,100.34,13,3.7,0
19900429,64528,33.19,93.46,22,4.1,1
19900430,44918,36.16,100.1,32,4.4,1
19900430,57033,36.24,100.34,9,4,0
19900430,62400,36.18,100.18,13,3.9,0
19900430,84766,36.16,100.22,9,4,0
19900507,19054,36.1,100.36,10,4.8,1
19900512,2210,36.27,100.25,31,4.1,1
19900513,29318,36.22,100.14,14,4.2,1
19900514,33073,36.14,100.23,14,4.3,1
19900515,77859,36.14,99.85,16,4.1,1
19900515,80998,36.12,100.16,13,4.7,1
19900516,71554,36.64,98.01,21,3.7,0
19900519,46651,36.33,100.05,19,4.1,1
19900520,20824,36.1,100.18,14,4.4,1
19900528,65089,36.26,100.14,10,4.1,1
19900611,66935,36.09,100.17,22,4,0
19900612,42184,36.12,100.1,31,4.6,1
19900627,47232,36.54,93.78,11,4,0
19900629,12531,36.08,100.3,15,3.3,0
19900708,54751,36.02,99.98,13,4.4,1
19900719,50568,36.14,100.28,16,3.7,0
19900723,9401,36.14,100.2,13,3.9,0
19900809,68662,34.98,96.89,6,3.3,0
19900814,58253,36.1,100.16,19,4.7,1
19900828,7094,35.95,100.36,10,3.3,0
19900829,47752,36.23,100.08,15,4.3,1
19900902,85205,36.31,100.22,18,4,0
19900905,67492,36.09,100.28,13,3.6,0
19900917,33772,36.07,100.17,12,4.3,1
19901005,21398,38.02,98.37,10,4.3,1
19901014,31474,37.95,98.25,7,4,0
19901014,33350,37.96,98.37,10,3.3,0
19901018,33740,36.08,100.18,18,3.7,0
19901127,72340,35.91,90.11,33,4.5,1
19901225,83642,37.89,101.97,12,4.4,1
19910102,10729,38.16,99.95,12,4.9,1
19910109,1575,38.09,99.79,6,3.7,0
19910123,20992,36.22,100.58,16,3.2,0
19910205,27890,37.66,91.93,8,4.2,1
19910210,82656,36.14,100.24,33,3.4,0
19910216,52177,35.86,99.79,6,3.4,0
19910221,6575,37.99,100.57,32,4.3,1
19910226,56322,34.4,91.84,32,4.7,1
19910227,66359,36.21,100.31,23,3.3,0
19910310,60435,34.03,99.85,13,4.4,1
19910401,75209,36.16,100.1,17,3.6,0
19910420,11275,38.73,97.72,26,3.7,0
19910531,51784,34.9,98.67,6,3.1,0
19910613,2769,35.49,99.08,10,3.5,0
19910614,33611,38.67,98.46,7,3.4,0
19910804,38662,35.92,99.31,10,3.3,0
19910810,73311,33.87,92.24,9,4.2,1
19910813,32326,38.5,99.73,15,3.3,0
19910828,53478,36.15,100.35,13,4,0
19910830,52332,34.58,97.37,33,4.1,1
19910902,39952,37.46,95.43,27,3.9,0
19910908,59314,34.52,94.28,23,4.5,1
19910908,86081,36.65,98.61,25,5.1,1
19910915,41811,36.12,100.38,15,3.8,0
19910920,40572,36.19,100.09,23,5,1
19910927,27595,34.65,98.87,30,4.6,1
19910930,59585,37.83,101.42,20,4.9,1
19910930,64055,37.99,101.54,19,3.4,0
19911006,35336,37.89,101.61,10,4.2,1
19911006,44292,37.82,101.46,9,4.2,1
19911012,44624,37.88,101.18,12,4.4,1
19911012,45171,37.93,101.24,2,3.4,0
19911020,49805,36.1,100.4,15,3.6,0
19911027,80364,38.06,93.41,5,3.4,0
19911110,84373,38.46,99.87,12,3.4,0
19911110,85439,38.44,99.88,16,3.2,0
19911121,49060,33.82,90.35,22,4.4,1
19911126,76560,34.09,94.14,33,4.4,1
19911202,64181,38.97,97.88,8,3.9,0
19911207,42521,37.09,95.74,23,3.7,0
19911209,21361,33.51,93.93,14,5,1
19911212,56686,33.32,93.92,21,4.1,1
19920123,37587,34.44,93.25,32,5.5,1
19920203,56662,34.49,93.26,10,4.7,1
19920209,47483,37.47,95.6,38,3.6,0
19920212,26154,37.88,101.65,14,3.4,0
19920219,2272,35,100.55,13,3.6,0
19920226,19081,37.54,96.14,13,4.3,1
19920309,81836,34.42,94.82,6,4,0
19920329,48720,38.77,99.29,33,3.5,0
19920418,65968,36.08,92.57,10,5.1,1
19920516,73192,36.24,100.05,18,4.7,1
19920521,3662,38.37,99.34,3,4,0
19920601,2819,37.42,96.1,15,3.9,0
19920621,40779,38.38,99.56,20,5,1
19920625,74029,37.24,94.64,12,4.1,1
19920807,57345,32.56,96.04,12,3.6,0
19920810,15209,36.13,99.36,5,3,0
19920819,56088,33.97,100.68,16,3.6,0
19920823,28555,35.87,100.25,9,4.2,1
19920920,932,38.38,91.68,10,3.9,0
19921026,75991,36.18,100.51,31,3.8,0
19921102,42956,35.68,94.47,15,3.5,0
19921119,65524,38.66,99.09,13,3.2,0
19921129,63582,33.16,98.04,24,5,1
19921218,64846,35.86,100.44,19,3.5,0
19921220,70666,37.11,96.51,20,5,1
19921231,37831,33.89,100.78,10,4.5,1
19930103,116,33.85,100.7,13,4.3,1
19930225,3327,38.34,99.67,10,3.5,0
19930327,13479,36.64,99.23,33,3.7,0
19930328,57468,37.2,94.22,6,4,0
19930328,82135,37.35,94.52,14,4.5,1
19930329,6585,37.13,94.15,11,3.5,0
19930329,7458,37.12,94.16,28,3.6,0
19930405,22434,37.47,91.97,10,3.9,0
19930416,65757,34.55,91.47,32,3.8,0
19930425,49414,33.3,99.32,20,3.6,0
19930427,51596,33.09,96.09,31,3.9,0
19930514,77739,33.88,100.46,10,3.1,0
19930601,73941,37.19,92.07,10,3.8,0
19930602,49629,35.52,100.82,15,3.4,0
19930625,36268,33.29,93.26,26,4.7,1
19930707,43121,36.9,97.32,11,4.1,1
19930819,42130,37.34,98.85,19,3.5,0
19930904,73350,37.26,94.57,17,5.1,1
19930904,79611,37.29,94.52,18,5.1,1
19930905,13843,37.02,94.09,10,3.5,0
19930905,81626,37.24,94.6,17,5,1
19930914,18726,37.02,94.82,12,3.4,0
19930929,15604,37.27,94.52,10,4.2,1
19931003,16791,35.99,100.42,13,3.1,0
19931026,41901,38.47,98.7,10,5.5,1
19931107,47174,38.56,99.25,6,3.8,0
19931113,60352,36.8,94.15,5,3.6,0
19931226,15415,36.08,100.32,20,4.1,1
19940103,21147,36.07,100.16,8,5.3,1
19940105,85430,36.19,100.48,26,3.3,0
19940106,48151,36.22,99.57,14,3.4,0
19940120,22697,35.97,100.13,25,3.9,0
19940121,51991,33.43,92.3,39,4.8,1
19940122,34028,36.11,100.2,25,3.4,0
19940127,16634,33.4,92.22,32,4.7,1
19940127,69773,33.41,92.21,31,4.2,1
19940208,55571,36.5,97.54,23,4.5,1
19940211,12274,36.84,101.1,14,3.8,0
19940211,12471,36.64,100.93,12,3.3,0
19940212,22786,38.36,99.7,20,3.5,0
19940215,76179,36.13,100.17,21,5.1,1
19940215,84555,36.25,100.09,29,3.4,0
19940216,2073,36.17,100.1,26,3.1,0
19940216,27960,36.22,100.01,19,3.4,0
19940221,83364,37.5,96.45,20,4.1,1
19940327,37534,37.72,95.96,16,4,0
19940407,38078,35.95,100.26,13,3.7,0
19940409,70071,34.2,100.98,27,3.4,0
19940427,55888,33.3,90.44,17,4.3,1
19940429,60183,38.21,98.84,14,4.1,1
19940430,14946,38.16,99.09,8,3.6,0
19940430,31769,38.45,98.62,13,3.4,0
19940610,922,36.08,100.15,10,3.6,0
19940620,34832,37.75,101.67,13,4.9,1
19940716,42424,36.2,100.14,26,3.5,0
19940803,53840,33.16,90.83,29,3.2,0
19940824,76126,34.29,91.79,30,4.8,1
19940827,27698,38.48,98.47,6,4.6,1
19940904,53435,36,100.17,18,5.2,1
19940921,40926,37.53,92.17,9,4.2,1
19940923,69341,36.1,100.13,16,4.7,1
19940926,56100,35.93,92.66,14,3.9,0
19940926,57092,36.04,92.57,26,4.2,1
19940929,40649,38.52,91.37,9,3.9,0
19941003,49606,36.37,95.56,28,3.4,0
19941010,50876,36.1,100.18,25,5.2,1
19941011,69945,36.09,100.29,11,3.5,0
19941011,74711,36.04,100.38,32,4.5,1
19941029,44356,35.66,96.49,33,4,0
19941031,57448,36.84,96.68,17,3.9,0
19941108,71095,33.47,98.37,10,4.3,1
19941112,51860,36.22,100.08,17,3.4,0
19941112,59089,36.17,100.29,24,3.4,0
19941123,67070,36.34,99.09,10,5.2,1
19941123,72763,36.22,99.04,20,3.1,0
19941203,28430,36.08,100.31,26,3.6,0
19941205,60136,34.79,97.11,15,4.4,1
19941225,48082,38.9,91.32,33,3.3,0
19941228,14175,35.94,90.68,16,5.3,1
19950112,30272,36.25,99.61,15,3.4,0
19950112,58852,35.91,100.01,5,3.6,0
19950114,68642,37.6,92.12,33,3.8,0
19950127,3126,36.84,99.23,7,4.4,1
19950202,51735,34.31,95.01,11,3.8,0
19950212,39418,33.35,93.36,27,4.7,1
19950221,4949,38.48,99.44,16,3.1,0
19950225,77458,38.35,99.81,15,3.2,0
19950416,50075,38.83,98.28,33,4.1,1
19950527,54186,38.38,97.92,10,3.4,0
19950614,82809,38.3,92.34,10,3.3,0
19950615,74489,37.8,93.51,33,3.3,0
19950629,21308,34.65,98.27,33,3.6,0
19950706,44596,38.09,99.4,25,3.6,0
19950707,70793,37.25,92.6,5,3.8,0
19950709,57385,36.06,100.16,15,5.2,1
19950713,83867,37.11,98.92,11,3.1,0
19950818,28256,35.1,100.32,16,3.4,0
19950902,66326,38.01,91.4,32,4.5,1
19950916,77495,37.75,101.91,15,3.7,0
19950919,5179,33.4,93.63,19,4.8,1
19950922,67665,36.04,99.24,29,3.9,0
19951004,16648,34.35,91.91,23,4.1,1
19951006,51962,33.39,93.54,23,4.3,1
19951027,31954,36.93,91.98,26,5.1,1
19951104,72460,33.26,92.01,39,4.3,1
19951207,5350,37.25,97.4,30,3,0
19951217,2446,38.44,99.06,13,3.8,0
19951218,17823,34.61,97.42,24,5.9,1
19951218,26131,34.95,97.55,21,3.6,0
19951218,41996,34.71,97.21,7,3.9,0
19951218,56000,34.74,97.24,31,3.7,0
19951219,79240,34.61,97.22,31,3.8,0
19951220,36477,34.63,97.47,24,5.4,1
19960104,10545,37.35,100.94,6,4,0
19960104,26809,35.95,100.1,14,3.9,0
19960119,46568,36.58,95.95,22,3.7,0
19960123,62265,36.63,100.88,31,3.5,0
19960401,9078,37.84,99.03,5,3.7,0
19960527,37241,38.69,98.41,14,4.4,1
19960601,59707,36.13,101.78,13,3.4,0
19960617,26707,36.14,100.56,12,3.6,0
19960629,37636,36.09,98.18,25,3.9,0
19960723,12301,33.14,99.68,21,3.6,0
19960818,81564,33.83,100.55,15,3.2,0
19960822,28592,33.86,94.24,31,4.4,1
19961002,64219,34.56,91.53,36,4.7,1
19961003,62910,34.77,98.97,20,4.7,1
19961004,6274,34.59,91.51,32,4.4,1
19961011,11055,34.61,98.98,14,3.4,0
19961022,831,35.22,102.61,8,3.1,0
19961123,1685,34.06,101.14,30,3.7,0
19961211,30222,33.5,92.24,29,4,0
19961219,31582,36.05,100.85,26,3.3,0
19961219,35570,36.33,101.05,28,4,0
19970105,30385,36.33,101.08,26,3.8,0
19970106,50629,37.04,97.94,33,4.5,1
19970106,83848,37.02,98.09,27,3.5,0
19970111,68965,33.49,100.84,18,4.3,1
19970202,47590,36.79,98.62,19,3.8,0
19970209,41295,35.78,95.93,10,5.6,1
19970209,45963,35.61,95.8,8,4.5,1
19970311,35187,35.7,95.91,14,4.9,1
19970330,26409,36.79,95.64,25,3.2,0
19970427,21064,37.08,101.38,19,3.1,0
19970515,14312,34.37,90,20,4.3,1
19970614,78528,34.24,101.54,15,3.4,0
19970704,61560,38.32,99.93,31,4.1,1
19970705,60087,35.9,92.56,5,4.3,1
19970713,70758,37.03,95.35,23,4.5,1
19970714,35021,37.01,95.41,12,5.1,1
19970715,16762,36.95,95.41,14,4.4,1
19970716,66818,37.93,101.93,25,3.3,0
19970905,28089,35.29,102.52,5,3,0
19970918,22113,34.48,100.53,9,3.7,0
19970921,7833,38.88,98.2,1,4.1,1
19971005,16802,36.33,95.29,7,4.1,1
19971012,64281,35.43,99.02,20,4.1,1
19971018,52871,37.87,95.43,15,3.7,0
19971018,56006,37.04,95,26,4.1,1
19971105,68812,36.42,101.37,6,3.4,0
19971202,55000,33.88,90.56,26,3.3,0
19971206,17580,35.62,99.4,32,4.4,1
19971219,45109,37.65,101.84,14,3,0
19971227,49369,33.05,96.21,18,4.2,1
19980102,7429,33.08,94.47,33,4.2,1
19980309,41271,37.58,100.01,22,3.2,0
19980423,56092,33.64,90.43,22,3,0
19980704,64589,35.89,102.67,15,3.3,0
19980716,52501,36.47,93.18,30,4.2,1
19980731,16266,36.81,95.42,33,5.5,1
19980819,81906,35.12,98.74,19,3.6,0
19980923,25369,36.56,96.06,11,3.1,0
19980924,60090,37.73,100.24,31,3.5,0
19981020,46274,37.43,98.41,14,4,0
19981101,39075,34.5,96.11,28,3.6,0
19981105,59727,38.87,99.92,11,4,0
19981112,5520,37.55,101.92,21,3.4,0
19981127,41021,34.32,97.88,25,4.3,1
19981128,12814,34.21,97.6,16,3,0
19981203,29551,37.05,95.37,26,4.3,1
19981216,25496,36.27,100.21,24,3.2,0
19981226,28477,38.71,96.21,12,4,0
19990105,58102,33.56,92.32,15,3.7,0
19990105,68943,33.49,92.39,33,4,0
19990111,78667,33.14,94.52,19,3.1,0
19990204,13940,33.75,90.72,27,3.3,0
19990228,36092,38.05,99.74,19,3.4,0
19990311,71726,38.33,94.84,28,3.5,0
19990315,18949,33.74,96.62,32,3.7,0
19990615,57993,32.49,96.04,32,4,0
19990615,77558,36.97,95.44,13,3.1,0
19990622,3122,38.6,97.75,21,4.3,1
19990718,18488,35.82,93.32,25,3.8,0
19990906,15584,34.78,101.49,22,4.2,1
19990907,16849,35.15,102.58,7,3.6,0
19990923,75556,37.61,101.16,23,3.7,0
19990927,42555,34.7,101.49,24,4.9,1
19990927,43248,34.67,101.41,15,3.8,0
19990927,61044,34.66,101.33,17,3,0
19990927,66890,37.4,95.25,24,3.1,0
19991006,5369,38.06,93.92,18,4.1,1
19991010,27996,33.36,90.52,22,3.3,0
19991027,72131,33.86,90.97,75,4.4,1
19991105,19974,35.75,99.91,8,3.2,0
19991105,25921,35.67,96.44,13,3.2,0
19991125,75075,34.7,99.83,23,4.6,1
19991204,12010,35.65,99.23,25,3.5,0
19991207,69811,34.77,99.86,33,4,0
20000119,53774,36.57,101.44,18,3.5,0
20000203,7310,38.39,99.02,20,3.1,0
20000204,40583,34.26,91,25,4.2,1
20000212,260,33.9,91.01,24,5,1
20000212,1196,33.83,91.12,23,4.3,1
20000212,56077,33.94,91.08,24,4.5,1
20000214,66289,34.06,91.19,19,4.2,1
20000226,55353,34.9,90.52,27,3.4,0
20000327,67231,36.74,96.64,31,3.6,0
20000328,6392,38.28,91.51,33,4.4,1
20000328,12548,38.08,91.4,14,3.5,0
20000415,53634,33.1,95.53,24,3.8,0
20000415,74993,33.19,95.48,31,3.3,0
20000520,49244,35.43,97.55,18,3.3,0
20000525,57229,36.3,100.42,16,3.8,0
20000601,74458,34.16,98.53,14,4.4,1
20000603,53478,35.62,98.81,24,3.1,0
20000616,79929,34.68,99.92,17,3.7,0
20000617,13190,34.74,99.76,15,3.7,0
20000712,80783,36.87,102.37,13,3.2,0
20000723,78596,33.01,93.2,32,4,0
20000818,61999,36.66,94.48,16,4.1,1
20000828,57039,35.62,99.53,14,4.4,1
20000831,8048,34.79,98.9,15,3.9,0
20000910,17783,36.2,94.2,9,4,0
20000912,1677,35.44,99.44,12,5.6,1
20000912,4171,35.73,99.58,13,3.9,0
20000912,4375,36.36,99.29,5,3.5,0
20000912,4757,35.53,99.42,10,4.8,1
20000912,5669,35.69,99.3,25,3.5,0
20000912,5876,35.63,99.58,15,4.3,1
20000912,6527,35.62,99.54,13,3.6,0
20000912,6904,35.39,99.43,12,4.8,1
20000912,7729,35.53,99.43,11,4.6,1
20000912,10396,35.31,99.62,10,3.4,0
20000912,12226,35.53,99.52,22,4.4,1
20000912,12753,35.54,99.53,12,4.2,1
20000912,15914,35.68,99.61,12,3.6,0
20000912,17185,35.67,99.58,17,3.5,0
20000912,24190,35.44,99.51,11,4.7,1
20000912,24839,35.61,99.33,12,3.5,0
20000912,26503,35.53,99.62,7,3.4,0
20000912,30178,35.7,99.55,15,3.6,0
20000912,30660,35.72,99.73,13,3.6,0
20000912,31759,35.38,99.47,26,3.7,0
20000912,33470,35.61,99.55,10,3.8,0
20000912,38773,35.45,99.58,14,3.4,0
20000912,40014,35.7,99.55,9,3,0
20000912,48463,35.4,99.57,17,3.2,0
20000912,50690,35.66,99.56,16,3.6,0
20000912,52285,35.34,99.53,25,3.1,0
20000912,56049,35.76,99.7,13,3.7,0
20000912,65944,35.3,99.64,10,3.4,0
20000912,69699,35.35,99.76,22,3.3,0
20000912,72646,35.61,99.75,6,3.4,0
20000913,17598,35.38,99.65,15,3.5,0
20000913,32054,35.57,99.51,12,4.1,1
20000913,37005,35.82,99.6,10,3.2,0
20000913,46258,35.4,99.59,18,3.2,0
20000913,54677,34.14,95.1,26,4.9,1
20000913,56879,35.59,99.99,10,3.6,0
20000913,64192,35.66,99.44,7,3.8,0
20000913,64558,34.26,95.18,31,4.7,1
20000915,17606,35.17,99.42,10,3.3,0
20000915,69160,35.48,99.56,14,3.2,0
20000916,5530,35.57,99.68,25,2.8,0
20000916,33109,35.24,99.35,26,3.1,0
20000916,39069,35.55,99.44,19,3.9,0
20000916,51733,35.63,99.46,21,3.7,0
20000916,54269,35.24,99.74,27,3.5,0
20000916,55803,35.56,99.52,15,3.2,0
20000916,71506,35.33,99.55,31,3.4,0
20000916,78839,35.55,99.65,18,3.6,0
20000917,24000,35.68,99.72,11,3.1,0
20000917,24379,35.5,99.43,18,3.5,0
20000917,75464,35.5,99.59,30,4.3,1
20000918,31445,35.73,99.79,21,3.6,0
20000918,56721,35.58,99.85,27,3.4,0
20000918,71064,35.61,99.6,18,4.1,1
20000919,5169,35.63,99.72,22,3.6,0
20000919,14119,35.79,99.38,21,3.7,0
20000919,27627,35.6,99.45,19,3.7,0
20000919,37313,35.53,99.55,20,4.2,1
20000919,38507,35.52,99.75,27,3.2,0
20000920,31889,35.62,100,26,3.8,0
20000920,44749,35.32,99.77,21,3.5,0
20000920,69676,35.43,99.53,25,4.8,1
20000920,70216,35.47,99.58,27,4.8,1
20000920,73898,35.21,99.7,23,3.4,0
20000920,75108,35.36,99.65,17,3.2,0
20000920,83557,35.19,99.7,26,3.1,0
20000921,5845,35.51,99.71,16,3.3,0
20000921,50812,35.38,99.39,12,3.3,0
20000923,37169,35.5,99.71,11,4.1,1
20000923,59122,35.82,99.86,5,3.7,0
20000924,42959,35.8,99.15,10,4.3,1
20000925,3567,35.58,99.27,10,3.7,0
20000927,84179,35.45,99.62,10,4.2,1
20000928,1316,35.93,99.55,24,3.4,0
20001001,17713,35.49,99.54,18,3.6,0
20001001,18033,35.53,99.57,12,3.5,0
20001002,19452,35.78,99.41,10,3,0
20001002,43256,38.56,97.69,10,3.4,0
20001003,34437,35.94,92.31,15,4.1,1
20001009,37259,35.32,99.02,26,3.4,0
20001009,40305,35.3,99.56,10,3.5,0
20001011,33370,38.62,97.78,32,4.1,1
20001017,28260,35.48,99.55,15,3.2,0
20001019,56672,35.71,99.49,6,3.4,0
20001020,33156,35.53,99.56,15,4.6,1
20001020,71434,35.37,99.41,6,3,0
20001024,10288,35.52,99.67,14,3.7,0
20001029,50517,36.14,99.35,13,3,0
20001029,56608,35.76,99.4,10,3.1,0
20001030,16656,35.91,99.4,15,3.6,0
20001105,67149,37.81,99.52,14,3.3,0
20001106,52095,35.68,99.59,16,4.2,1
20001108,82015,33.76,90.75,29,4.7,1
20001118,808,37.53,96.64,143,4.5,1
20001119,56656,33.99,90.95,34,4.6,1
20001126,7309,35.82,90.53,32,5.2,1
20001130,37807,35.73,99.52,10,3.8,0
20001130,53778,35.86,99.82,26,3.2,0
20001130,78196,35.73,99.66,32,3.2,0
20001204,2901,35.5,99.54,30,4.3,1
20001204,55081,35.15,99.4,32,3.3,0
20001204,56544,35.49,99.51,19,3.8,0
20001204,68006,35.71,99.78,23,3.4,0
20001205,15199,35.5,99.73,29,3.6,0
20001205,79253,35.53,99.67,10,4,0
20001208,54960,35.3,99.45,15,3.6,0
20001209,36317,35.76,99.65,8,3.4,0
20001222,75746,34.22,101.7,18,3.7,0
20010109,7129,38.78,91.19,32,3.6,0
20010109,14859,36.2,99,15,3,0
20010113,67911,35.05,99.51,21,4,0
20010113,69057,35,99.8,15,3.2,0
20010115,65950,37.74,99.01,25,3.6,0
20010125,14246,37,101.6,15,3.1,0
20010221,41335,35.53,99.67,25,4.2,1
20010227,20334,35.32,99.76,20,3.6,0
20010303,6088,35.3,99.56,33,3.2,0
20010306,227,35.45,99.51,6,3,0
20010308,53599,35.51,99.65,16,4.3,1
20010317,49850,36.45,98.85,6,3.9,0
20010317,69637,36.24,98.67,29,3.1,0
20010326,65791,36.15,100.2,9,3,0
20010330,58050,37.48,101.56,15,4.3,1
20010331,17111,35.34,99.61,19,4,0
20010604,76685,36.7,101.2,15,3.1,0
20010616,15500,33.7,98,6,3.4,0
20010619,37607,35.3,99.3,26,3,0
20010620,44878,35.54,99.68,31,4.2,1
20010624,25868,36.84,101.93,16,3,0
20010711,24773,38.61,97.22,19,3.3,0
20010715,7481,33.75,101.39,16,3.1,0
20010717,41574,35.62,99.5,33,4.7,1
20010725,57771,33.21,95.56,33,5.5,1
20010904,24439,37.63,94.49,31,3.9,0
20010915,9525,36.78,101.74,10,3.8,0
20010930,26291,35.4,99.5,15,3.3,0
20011102,27650,38.2,99,15,3.2,0
20011114,5632,34.7,99.3,10,3.5,0
20011114,33970,35.92,90.53,11,7.2,1
20011114,35114,35.57,93.29,25,5.6,1
20011114,35759,35.6,94.4,10,4.6,1
20011114,37762,35.9,90.68,11,3.9,0
20011114,39492,35.77,93.93,8,5.4,1
20011114,41145,35.6,93.6,10,3.3,0
20011114,42024,35.81,94.12,9,4.4,1
20011114,42796,35.82,93.9,9,3.6,0
20011114,44614,36,93.4,10,3.3,0
20011114,46411,35.73,94.24,8,4.4,1
20011114,47597,35.6,94.1,10,3.4,0
20011114,49684,35.7,94.28,8,3.5,0
20011114,54918,35.88,93.6,10,3.4,0
20011114,58007,35.62,94.5,7,4.4,1
20011114,61899,35.48,92.77,7,4.2,1
20011114,68100,36.11,93.81,10,3.7,0
20011114,71042,35.82,94.17,10,3.3,0
20011114,77013,35.71,93.84,15,4.9,1
20011114,83127,35.73,94.53,7,4.6,1
20011114,85367,35.92,93.23,9,3.4,0
20011114,85753,35.77,94.2,10,3.6,0
20011115,254,35.9,92.78,11,4.1,1
20011115,1360,35.97,93.97,12,4,0
20011115,9918,35.64,92.33,11,3.2,0
20011115,35499,35.8,93.95,11,4.2,1
20011115,53150,35.94,93.11,8,3.5,0
20011115,74782,35.66,95.05,7,4,0
20011115,78163,35.64,94.45,10,3.7,0
20011116,27181,35.95,91.15,10,3.2,0
20011116,28452,35.75,94.07,9,4.5,1
20011116,65236,35.86,93.97,15,3.7,0
20011116,86273,35.94,92.03,18,3,0
20011117,48488,38.2,91.31,20,3.2,0
20011118,9483,35.5,99.1,26,3,0
20011118,12888,35.5,99.1,26,3,0
20011118,14949,35.5,99.1,10,3.2,0
20011118,17140,35.5,99.1,6,3,0
20011118,48747,36.1,92.4,10,3.1,0
20011118,78340,35.89,93.74,7,3.8,0
20011118,79191,35.82,93.72,9,5.1,1
20011118,79345,35.7,93.7,10,4.7,1
20011118,84291,35.88,93.78,10,3.7,0
20011118,85082,35.8,93.9,10,3.4,0
20011119,6334,36,93.91,12,3.3,0
20011119,8538,35.9,93.64,13,3.3,0
20011119,14156,35.96,93.74,14,3.8,0
20011119,27213,36.4,94.5,10,3.1,0
20011119,63922,35.75,93.66,9,5.2,1
20011120,4439,35.96,93.59,14,3.2,0
20011120,31462,35.95,93.45,17,3.6,0
20011120,56130,37.84,101.27,15,3.5,0
20011121,4895,35.87,92.64,6,3.9,0
20011121,18661,35.96,91.51,9,4.5,1
20011121,52201,35.79,94.36,10,3.5,0
20011122,30848,35.9,93.63,6,3.8,0
20011123,29047,35.84,93.68,17,3.8,0
20011125,31646,35.9,93.74,6,3.5,0
20011128,42821,35.75,94.1,8,3.7,0
20011130,19199,35.97,92.04,10,3.8,0
20011130,38593,36.08,91.03,11,4.3,1
20011201,14126,35.47,99.41,17,3.6,0
20011201,44720,35.77,94.05,6,4.4,1
20011203,68102,34.39,94.85,10,3.7,0
20011204,48435,35.34,99.3,33,3.4,0
20011208,15168,35.83,92.9,10,5,1
20011212,16708,35.42,99.37,10,3.4,0
20011213,7507,33.2,95.49,47,3.9,0
20011214,71478,36.15,91.48,9,3.5,0
20011215,69131,33.89,101.01,9,3.5,0
20011217,48177,35.8,94.31,10,3.7,0
20011219,4579,35.47,100.98,15,3.5,0
20011219,42560,35.73,94.42,13,4,0
20011219,73191,36.7,99.8,15,3.6,0
20011220,77522,36.9,99.3,11,3.2,0
20011221,26589,35.83,93.37,11,3.9,0
20011222,38292,36.52,98.63,17,3.8,0
20011230,58395,35.76,94.4,14,4.1,1
20011231,23147,35.97,94.6,10,3.7,0
20020101,31098,38.04,99.21,11,3,0
20020109,67719,35.67,94.4,10,3.7,0
20020109,70902,35.33,99.59,17,3.8,0
20020113,28675,35.76,94.42,17,3.3,0
20020114,74026,35.66,94.24,14,3.2,0
20020118,22205,36.06,91.99,5,3.4,0
20020121,2607,35.5,93.99,26,3.1,0
20020125,67864,35.55,99.54,9,3.9,0
20020207,67428,37.95,92.11,16,4.7,1
20020209,34471,34.33,94.53,16,3.5,0
20020211,74020,35.56,99.63,10,3.1,0
20020212,16904,37.8,99.52,15,3.2,0
20020217,82700,35.98,92.5,10,3.7,0
20020218,72207,37.51,94.59,14,3.6,0
20020220,81939,35.86,95.21,6,3.3,0
20020301,50350,36.08,100.28,14,3.2,0
20020304,57577,38.63,99.77,9,3.9,0
20020309,22909,36.83,98.67,16,3.6,0
20020314,40036,34.66,99.85,14,3,0
20020318,48064,33.52,99.64,10,3.2,0
20020322,4597,35.79,92.72,9,3.6,0
20020410,62019,35.5,99.64,28,3,0
20020501,23041,38.22,91,23,4,0
20020522,33167,37.12,95.49,17,4.7,1
20020522,37851,37.06,95.32,18,3.9,0
20020522,41124,36.98,95.28,9,3.2,0
20020528,14414,33.87,95.91,29,3.9,0
20020529,44658,37.16,95.41,19,4.1,1
20020529,45617,37,95.41,11,3.4,0
20020529,63820,36.96,95.44,16,3.4,0
20020529,64457,37.14,95.34,13,4.4,1
20020530,76298,33.38,90.74,46,4.3,1
20020601,66106,36.46,102.4,14,3.4,0
20020602,10680,35.84,92.91,33,5.1,1
20020617,10530,34.12,94.37,10,4.4,1
20020624,23503,35.43,99.24,10,3.7,0
20020624,24716,35.86,92.72,20,3.7,0
20020627,41835,35.81,93.01,23,4.5,1
20020629,24880,34.21,94.27,22,5.5,1
20020629,77619,34.09,94.24,23,4.2,1
20020703,4956,34.18,94.35,9,3.6,0
20020705,82697,32.43,96.09,23,3.7,0
20020719,2189,35.6,99.37,28,3.3,0
20020819,70559,35.71,95.62,27,3.9,0
20020820,69679,35.3,94.92,22,3.6,0
20020820,75222,35.02,99.51,33,3.4,0
20020824,29676,34.28,94.12,10,3.3,0
20020829,5899,35.75,92.91,33,3.7,0
20020907,78810,35.63,94.25,32,3.6,0
20020916,33049,35.34,99.39,26,3.4,0
20020927,62078,33.4,93.5,31,4.4,1
20021002,24668,35.93,99.38,11,4.3,1
20021005,13854,38.57,97.59,17,3.4,0
20021012,31563,38.9,98.11,20,3,0
20021015,52267,38.77,99.51,22,3.4,0
20021015,83150,36.14,101.21,17,3.2,0
20021019,26675,35.74,92.92,30,5.3,1
20021023,52236,36,93.15,22,3.5,0
20021025,73580,34.18,94.55,32,3.5,0
20021026,73726,35.19,95.96,31,5.2,1
20021026,79759,35.16,95.86,20,3.2,0
20021104,38976,38.93,98.18,10,3.6,0
20021104,42243,33.49,101.65,4,3,0
20021106,3368,37.62,95.85,26,3,0
20021109,15797,37.92,91.65,23,4.5,1
20021112,71884,36.99,95.76,6,3.6,0
20021116,79152,34.93,98.45,27,4.1,1
20021117,6228,34.32,98.03,18,3.3,0
20021201,58986,33.91,94.23,20,3.4,0
20021228,58526,35.47,99.6,16,3.3,0
20021229,46481,37.89,101.22,14,3.6,0
20030113,8603,36.2,93.3,9,3.4,0
20030114,9870,36.11,91.42,10,5,1
20030116,6709,36.89,96.1,23,3.2,0
20030208,24621,35.92,98.8,16,3.4,0
20030217,59641,35.49,99.54,9,3.2,0
20030218,77654,35.54,99.19,28,3.7,0
20030314,58450,36.06,93.23,5,3.1,0
20030417,2918,37.56,96.52,15,6.7,1
20030417,4661,37.23,96.62,6,3.4,0
20030417,4956,37.41,96.62,17,3,0
20030417,6274,37.52,96.54,15,3.2,0
20030417,7446,37.5,96.75,11,3.4,0
20030417,8680,37.52,96.65,9,3.6,0
20030417,10311,37.58,96.58,13,3.3,0
20030417,13910,37.63,96.52,15,3.7,0
20030417,16292,37.64,96.64,19,3.5,0
20030417,16378,37.68,96.61,12,3.9,0
20030417,23626,37.49,96.63,12,3,0
20030417,30658,37.57,96.32,12,3.1,0
20030417,30930,37.43,96.69,10,3.3,0
20030417,31315,37.6,96.52,9,4.1,1
20030417,32016,37.58,96.47,15,3.4,0
20030417,41394,37.64,96.33,10,4.4,1
20030417,57090,37.47,96.67,14,3.2,0
20030417,59195,37.53,96.79,19,3.3,0
20030417,61910,37.57,96.42,15,4.7,1
20030417,75892,37.53,96.62,14,3.4,0
20030418,16420,37.51,96.44,12,3,0
20030418,17125,37.44,96.79,12,3.2,0
20030418,24430,37.58,96.58,7,3.9,0
20030418,37085,37.48,96.59,11,3.3,0
20030418,43201,37.49,96.76,9,3.6,0
20030418,80508,37.54,96.49,17,3.4,0
20030418,83818,37.55,96.63,17,3.4,0
20030419,1008,37.48,96.59,10,3.1,0
20030419,19047,37.72,96.48,22,3.6,0
20030419,70901,37.49,96.39,13,4.8,1
20030419,72361,37.57,96.54,13,3.1,0
20030420,13984,37.52,96.32,17,3.1,0
20030420,31917,37.53,96.53,11,3.7,0
20030420,36245,37.74,96.55,15,4.2,1
20030420,59320,37.44,96.5,14,3.1,0
20030420,62444,37.64,96.48,18,3.6,0
20030420,62580,37.66,96.64,9,3.6,0
20030420,74762,37.51,96.6,20,3.2,0
20030421,21087,37.51,96.47,10,4.5,1
20030421,31309,37.46,96.65,14,3,0
20030421,61836,37.73,96.21,24,3.8,0
20030421,71140,37.54,96.58,9,3,0
20030422,9928,37.76,96.43,18,3.8,0
20030423,54016,37.4,96.72,10,3,0
20030424,3474,37.53,96.63,17,3.5,0
20030424,80431,37.34,96.6,5,3,0
20030424,82225,37.56,96.48,14,3,0
20030425,72640,37.65,96.56,16,3.7,0
20030503,22379,37.46,96.52,10,4.8,1
20030503,49136,37.42,96.5,9,3.1,0
20030505,21653,37.54,96.53,24,3.2,0
20030505,43760,37.52,96.5,15,3.2,0
20030510,36917,37.6,96.37,11,4.3,1
20030522,48167,35.54,99.54,15,3.5,0
20030525,51106,35.47,99.47,23,3.1,0
20030603,75928,37.6,96.36,15,3.4,0
20030605,71081,36.58,93.23,32,3.5,0
20030614,29785,35.89,93.92,12,3.1,0
20030614,86055,34.36,101.54,15,3.5,0
20030627,74195,37.52,96.47,20,3.3,0
20030628,63176,33.36,90.06,13,4.2,1
20030630,1837,36.22,100.48,8,3.2,0
20030703,21921,35.71,93.66,20,4.6,1
20030709,9076,35.98,90.12,10,4.4,1
20030710,5285,37.71,96.54,12,3.6,0
20030713,28972,35.71,92.86,29,4.4,1
20030728,10128,37.34,96.68,17,3.3,0
20030913,51886,35,96.18,6,3,0
20030917,4796,35.78,93.11,15,3.5,0
20030919,27701,38.27,99.91,22,3.7,0
20030926,24481,36.31,100.24,19,3.1,0
20031015,60532,36.62,101.19,12,3.3,0
20031204,35284,33.97,96.88,14,3.8,0
20031205,13382,33.86,97.01,12,4.5,1
20031205,19726,33.7,96.4,14,3.6,0
20031211,82156,37.55,96.62,8,3.4,0
20031212,49187,37.68,94.48,9,5.3,1
20031212,70681,37.68,94.81,13,3.2,0
20031213,20567,37.88,94.07,21,3.4,0
20031222,13851,37.47,96.57,16,3.4,0
20040204,73026,33.76,95.16,11,3.9,0
20040205,37410,35.68,97.19,26,3.2,0
20040211,27851,33.95,91.3,76,3.8,0
20040218,59424,37.52,96.62,38,4,0
20040218,60293,37.54,96.73,19,3.1,0
20040224,73310,37.53,96.62,39,5,1
20040225,22597,37.48,96.64,18,3.5,0
20040225,58076,37.49,96.69,47,4,0
20040228,54132,36.99,97.15,8,3.2,0
20040229,42667,37.08,97.14,15,3.3,0
20040302,26019,37.63,96.65,8,4.4,1
20040302,26241,37.48,96.43,10,3.8,0
20040302,45021,37.51,96.67,29,5.1,1
20040302,45459,37.45,96.57,56,4.4,1
20040304,29722,34.12,101.11,23,4.7,1
20040305,78795,36.11,95.21,16,3.8,0
20040306,42881,33.29,92.02,38,4.9,1
20040307,1659,37.51,96.65,22,3.6,0
20040309,79182,37.53,96.74,11,3.4,0
20040310,25920,37.06,97.13,17,3,0
20040313,60956,35.98,90.63,47,4.2,1
20040316,76999,37.63,96.66,21,5.5,1
20040324,52840,37.42,96.5,19,3.5,0
20040325,21735,38.21,95.37,14,3.1,0
20040325,23934,34.11,101.04,33,4.2,1
20040325,25903,34.19,100.98,16,3.4,0
20040325,34421,35.58,99.5,7,3.4,0
20040325,39911,38.19,95.49,14,3,0
20040328,39429,37.54,94.97,16,3.5,0
20040330,24689,35.83,99.51,21,3.9,0
20040407,48231,35.42,99.42,19,3.6,0
20040411,3853,35.82,92.25,9,4.1,1
20040502,46967,37.48,98.24,12,3.3,0
20040504,18295,37.52,96.65,13,5.7,1
20040504,41759,37.54,96.61,9,5.3,1
20040504,43282,37.58,96.66,13,3.6,0
20040504,44637,37.47,96.79,12,3.3,0
20040504,63160,37.49,96.7,10,3.1,0
20040504,63615,37.57,96.61,16,3.3,0
20040505,59045,36.1,101.91,9,3.1,0
20040506,18330,35.61,99.55,26,3.4,0
20040506,74673,37.58,96.61,15,3,0
20040506,74966,37.5,96.71,15,3,0
20040509,74356,32.54,96.08,37,3.4,0
20040510,84444,37.57,96.65,11,5.8,1
20040511,4636,37.35,96.57,22,3.6,0
20040511,6220,37.53,96.8,26,3.5,0
20040511,18691,37.61,96.47,10,3.9,0
20040511,19136,37.47,96.65,15,3.4,0
20040511,20953,33.31,96.61,53,4.1,1
20040511,53839,37.23,96.62,8,3,0
20040512,68413,37.57,96.65,13,3.1,0
20040514,45478,37.55,96.58,10,4.1,1
20040516,68356,36.65,98.91,19,4.2,1
20040517,11095,37.55,96.63,10,3.6,0
20040519,12350,37.73,96.63,21,3.6,0
20040522,27643,37.55,96.44,16,3.9,0
20040527,59668,37.39,96.88,21,3.3,0
20040601,84842,34.08,96.89,3,3.4,0
20040604,21492,33.86,96.56,8,3.3,0
20040616,48017,34.65,97.34,13,3.4,0
20040616,48347,34.64,97.33,12,3.2,0
20040629,29489,35.83,92.59,11,5.2,1
20040721,66903,33.7,99.13,16,3.2,0
20040721,74108,37.9,101.96,19,3.3,0
20040721,78135,37.36,96.39,15,4.1,1
20040814,18290,35.6,102.05,11,3.2,0
20040825,67533,37.51,96.65,11,4.8,1
20041004,19824,33.46,101.12,13,4.1,1
20041005,84939,38.09,91.49,23,4.4,1
20041117,70433,38.62,99.6,17,4.1,1
20041129,75065,35.71,92.93,13,4.3,1
20041201,33811,37.34,95.3,25,3.8,0
20041204,45755,37.75,101.92,17,3.2,0
20041210,13440,35.72,93.19,16,4.9,1
20041216,8479,34.65,97.7,14,3.8,0
20041218,69763,35.76,97.68,9,2.8,0
20041219,23711,37.38,96.44,14,3.6,0
20050108,73338,34.57,91.46,53,3.8,0
20050114,69438,37.79,101.49,15,3.1,0
20050116,65024,36.97,95.48,15,3.3,0
20050124,69648,33.07,96.62,25,4,0
20050228,7718,33.68,101.22,17,3.4,0
20050301,3980,37.55,96.5,18,3.5,0
20050405,83151,37.53,96.42,17,3.7,0
20050427,42196,36.8,98.21,42,4.7,1
20050427,58039,36.79,98.01,39,4.2,1
20050504,64591,37.53,96.6,21,3.3,0
20050508,20044,38.16,99.02,21,3.2,0
20050515,75779,37.92,100.79,20,3.8,0
20050517,71266,38.71,97.64,15,3.5,0
20050610,70430,35.62,94.8,10,3.9,0
20050610,79933,36.31,94.9,15,3.6,0
20050614,56556,33.56,92.13,46,4,0
20050620,82673,35.91,95.42,15,3.2,0
20050629,28979,37.26,98.47,13,4.1,1
20050706,30295,35.58,95.38,17,3.6,0
20050829,78685,33.57,97.84,10,4.1,1
20050909,19303,36.72,98.87,18,4,0
20050911,55774,36.01,93.27,19,4.1,1
20050915,29186,36.66,98.89,9,3.9,0
20050916,66043,37.43,95.75,26,4.3,1
20050917,55837,36.73,97.26,27,3.1,0
20051007,77147,34.75,92.85,10,4.8,1
20051026,11688,37.55,92.39,32,4.2,1
20051104,29869,33.32,100.89,12,4.1,1
20051113,45853,33.35,101,20,3.9,0
20051125,7203,38.72,98.98,3,3.6,0
20051221,30715,35.77,93.25,22,4.6,1
20051221,32358,35.94,93.14,6,4.1,1
20051223,75293,35.76,94.91,19,3.3,0
20060105,5406,35.38,99.5,23,3.1,0
20060106,49446,36.42,93.91,11,5.2,1
20060130,80012,37.38,94.13,22,3.6,0
20060201,11038,33.56,91.18,21,3.7,0
20060201,17257,33.64,91.22,4,4.6,1
20060201,31991,33.66,90.85,13,3.6,0
20060205,17316,37.36,96.88,26,3.4,0
20060216,83872,38,92.24,23,4,0
20060217,70334,36.24,101.58,14,3,0
20060304,75231,35.48,102.51,3,3.3,0
20060306,81282,38.54,99.47,10,3.1,0
20060323,24261,34.9,99.68,16,3.9,0
20060326,17288,37.85,92.87,15,4,0
20060326,18359,37.94,92.94,29,3.7,0
20060329,85133,35.52,95.62,37,5.1,1
20060329,85803,35.47,95.49,29,4.1,1
20060330,245,35.4,95.51,19,3.8,0
20060330,281,35.61,95.63,36,3.8,0
20060402,83385,34.1,100.9,8,3.2,0
20060409,60862,38.85,93.22,9,4,0
20060416,63228,33.22,100.24,12,3.1,0
20060423,50428,35.09,102.61,12,3.1,0
20060430,26084,35.98,95.64,15,3.7,0
20060517,86231,38.58,97.29,9,3.5,0
20060518,30038,35.69,94.5,11,3.6,0
20060602,30518,38.43,91.53,10,4,0
20060625,37299,37.36,96.58,9,3.3,0
20060627,2879,35.86,92.54,39,3.7,0
20060628,44389,37.62,97.07,16,3.4,0
20060714,4514,34.03,96.96,25,3.1,0
20060716,82119,33.42,91.8,35,3.7,0
20060717,74511,33.03,96.24,10,4.9,1
20060719,29334,32.9,96.05,11,3.6,0
20060719,35585,33.04,96.22,15,5.3,1
20060719,51938,33.04,96.3,10,3.7,0
20060721,85400,33.01,96.12,10,4.4,1
20060722,11014,33.02,96.16,20,4.2,1
20060723,45871,32.94,96.03,7,4.5,1
20060730,24140,36.82,96.41,14,3.5,0
20060829,50083,36.32,94.14,20,3.4,0
20060829,84852,37.17,94.42,28,3.2,0
20060922,80252,38.62,97.29,11,2.9,0
20060927,68624,35.74,99.45,15,3.3,0
20060930,21852,33.07,93.46,16,3.6,0
20061002,19659,35.65,99.56,15,4.4,1
20061006,1246,33.19,96.02,21,3.3,0
20061006,52438,32.89,96,9,3.3,0
20061014,26098,33.14,95.68,15,3.1,0
20061021,39931,33.21,98.12,17,3.6,0
20061031,72637,33.05,96.09,40,3.8,0
20061109,62045,33.37,97.57,16,3.9,0
20061110,28822,34.22,97.49,21,3.4,0
20061116,17938,38.88,95.68,13,3.9,0
20061211,14490,38.24,99.9,18,3.3,0
20070106,71474,33.12,96.32,13,3.1,0
20070122,4955,33.81,96.73,21,3.2,0
20070130,7401,36.06,99.35,18,3.3,0
20070130,68405,33.06,96.11,49,3.7,0
20070201,19055,35.89,99.26,9,3,0
20070202,81136,37.81,91.93,5,6,1
20070204,26047,38.31,98.11,11,4.6,1
20070214,18689,36.7,98.73,14,3.2,0
20070218,139,35.7,95.14,12,3.3,0
20070223,23757,38.37,98.74,9,4,0
20070225,6578,33.25,90.7,15,4.8,1
20070225,10815,33.24,90.48,27,4.2,1
20070226,3527,33.25,90.36,24,4.4,1
20070226,55734,33.22,90.57,27,4.1,1
20070301,35276,38.46,97.93,6,3.9,0
20070305,53435,33.19,90.52,55,3.9,0
20070313,1755,33.17,90.47,46,4.1,1
20070327,77758,34.08,90.68,45,4,0
20070425,57302,36.03,92.95,5,3.9,0
20070428,61576,33.15,97.87,19,4.2,1
20070430,50381,38.51,97.76,17,4.8,1
20070505,63505,34.62,90.69,30,4.4,1
20070506,55843,35.97,99.33,17,3.2,0
20070506,73344,35.8,99.29,12,3.7,0
20070509,12665,36.03,99.13,11,3.3,0
20070509,12841,36.04,99.21,14,3.6,0
20070509,19915,35.99,99.3,14,3.6,0
20070516,39826,33.29,90.65,57,4.4,1
20070531,75747,33,90.81,58,4.6,1
20070618,15840,34.17,101.22,33,4.6,1
20070702,59604,37.96,101.74,17,3.4,0
20070802,56129,37.92,101.28,14,4.2,1
20070812,37312,38.53,97.86,14,3.2,0
20070815,13910,37.86,101.85,12,3,0
20070822,19258,35.76,99.24,14,2.8,0
20070903,21861,35.55,99.55,9,3.4,0
20070903,30111,36.37,102.09,14,3.2,0
20070914,78817,37.37,95.4,15,3.4,0
20071018,86123,38.12,98.93,13,3.7,0
20071030,33604,33.21,90.36,25,4.7,1
20071112,1195,34.61,99.46,15,3.5,0
20071112,15398,34.82,99.66,18,3.5,0
20071112,85331,36.46,94.43,17,3.3,0
20071113,48146,36.51,94.32,25,3.6,0
20071118,57883,34.26,94.64,15,4,0
20071118,77479,34.45,94.87,16,3,0
20071201,53146,36.32,97.71,13,3.8,0
20071215,55953,37.75,101.14,14,3.2,0
20071217,50503,37.89,99.91,11,3.2,0
20071231,35776,36.99,101.05,15,4,0
20080104,74922,35.78,95.25,12,3.2,0
20080105,49535,36.81,100.87,14,3.6,0
20080105,68563,37.78,101.32,8,3.4,0
20080112,48458,37.76,96.34,11,3.3,0
20080114,1650,38.76,95.82,10,3,0
20080120,40678,37.92,95.22,29,4.3,1
20080120,49532,38,95.4,10,4.1,1
20080205,50856,37.22,96.74,16,3.2,0
20080218,52415,33.23,96.01,26,3,0
20080225,61695,36.59,101.25,13,3.7,0
20080226,81548,38.45,99.63,8,3.8,0
20080301,18681,33.42,96.36,24,3.7,0
20080306,69192,36.95,96.52,27,3.9,0
20080322,8308,32.12,96.24,18,3.4,0
20080323,51132,38.64,99.29,11,3.7,0
20080325,39836,35.37,102.12,18,3,0
20080330,30745,37.97,101.92,11,5.5,1
20080401,2243,37.99,101.9,13,3.8,0
20080401,41018,36.37,94.65,7,3,0
20080416,78107,33.5,93.73,17,3,0
20080420,40825,36.1,93.81,15,3.5,0
20080426,31220,38.36,97.96,6,3.4,0
20080519,78633,33.39,98.21,9,3.8,0
20080525,25231,37.87,100.5,10,3.6,0
20080527,56861,34.22,100.97,15,3.4,0
20080530,81133,38.87,95.93,7,3.2,0
20080608,64577,33.12,92.14,6,5,1
20080608,66686,33.64,92.4,10,4,0
20080608,68062,33.13,92.04,17,4.1,1
20080608,78268,33.09,92.01,15,4.3,1
20080609,52728,33.35,92.2,26,3.7,0
20080609,61840,33.05,92.07,21,4.1,1
20080609,64062,33.2,92.3,35,3.5,0
20080610,36295,33.1,92.07,8,6.1,1
20080610,39275,33.11,92.19,17,4,0
20080610,39855,33.04,92.1,27,5.1,1
20080610,41803,33.14,92.12,10,4.6,1
20080610,51337,33.07,92.08,19,5.7,1
20080610,54383,33.01,92.16,11,3.9,0
20080610,75517,33.15,92.15,15,4,0
20080611,53712,33.4,91.98,12,3.6,0
20080612,70031,33.19,91.86,12,3.7,0
20080616,49508,33.27,91.67,15,3.7,0
20080616,53681,33,92.39,10,4,0
20080618,19409,35.28,91.21,15,4.8,1
20080618,25831,33.16,92.02,10,4.7,1
20080618,29536,33.23,92.12,37,5.3,1
20080618,34512,33.23,92.42,15,4.1,1
20080618,35245,33.18,92.52,9,4.3,1
20080618,50487,33.32,92.08,10,3.1,0
20080618,78925,33.15,92.32,15,4.3,1
20080619,81418,33.21,92.13,35,4.8,1
20080619,81756,33.34,92.19,42,4.6,1
20080620,76582,33.22,92.24,9,4,0
20080622,43328,33.12,92.02,13,3.9,0
20080622,74571,34.94,99.49,6,3.3,0
20080627,49501,33.17,92.04,14,4.6,1
20080703,21417,33.5,100.53,14,4.1,1
20080703,21712,33.57,100.5,15,3.6,0
20080705,37462,33.15,91.96,16,4.2,1
20080707,50560,33.39,100.52,15,3,0
20080711,62955,33.46,100.51,15,3.3,0
20080716,8419,33.03,92.47,8,4.1,1
20080716,82697,33.15,92.11,15,4,0
20080716,83963,33.14,92.18,27,3.7,0
20080717,33168,33.23,91.95,16,3.5,0
20080717,56438,33.02,92.44,12,3.6,0
20080722,31161,33.24,92.03,10,3.9,0
20080727,40696,33.16,92.09,13,4.5,1
20080730,38552,34.11,101,12,3.6,0
20080731,31636,35.04,92.31,15,3.6,0
20080803,67867,33.13,98.11,15,3.2,0
20080805,25203,37.37,101.14,13,3.3,0
20080805,77939,33.31,92.11,10,4.2,1
20080805,78850,33.35,92.51,8,3.7,0
20080805,79184,33.16,92.11,13,5,1
20080818,51063,33.5,91.73,13,5,1
20080819,82406,33.1,91.98,19,4.5,1
20080822,77,33.3,92.17,9,4.3,1
20080828,285,37.94,101.29,14,3.8,0
20080830,77323,35.71,97.35,35,3.3,0
20080902,12477,35.5,99.69,23,4.1,1
20080908,63666,35.55,99.43,13,3.6,0
20080908,64038,35.68,99.45,8,3.3,0
20080912,5409,33.12,96.87,11,3.7,0
20080915,48933,34.2,93.81,15,3.4,0
20080920,85797,35.78,95.71,32,3.2,0
20080921,18128,37.82,99.63,19,3.1,0
20080928,42697,37.73,94.33,12,4.2,1
20080930,15041,33.54,97.36,12,3.7,0
20080930,55963,37.94,101.63,18,3.8,0
20081011,37629,35.04,99.46,26,3.3,0
20081011,58304,37.36,96.64,12,3.2,0
20081020,51991,35.29,91.19,10,4.5,1
20081020,53392,37.14,92.46,19,3.9,0
20081020,54526,33.86,92.74,19,4.5,1
20081026,63573,38.72,96.19,13,3.3,0
20081103,43229,38.12,98.93,6,3.8,0
20081109,730,32.96,96.68,30,3.7,0
20081110,4919,37.66,95.91,16,6.5,1
20081110,13641,37.72,95.82,8,4.8,1
20081110,16789,37.66,95.86,8,4.1,1
20081110,20416,37.68,95.93,10,4.1,1
20081110,21686,37.5,95.75,12,3.5,0
20081110,35417,37.67,95.87,22,3.9,0
20081110,75858,37.35,96.04,9,3.2,0
20081111,78959,37.68,95.75,10,5.4,1
20081112,6321,37.83,95.88,13,4.5,1
20081112,36370,37.78,95.97,4,4,0
20081112,39288,37.48,96.03,15,3.3,0
20081112,43769,37.63,95.92,10,5.2,1
20081112,60630,37.53,95.9,5,3,0
20081112,63584,37.63,95.99,15,3.7,0
20081113,24504,37.66,96.06,13,3.7,0
20081113,72953,37.7,95.81,15,4.2,1
20081114,54608,38.06,98.94,10,3.2,0
20081114,64128,37.47,96.18,17,3.2,0
20081115,27304,37.59,96.01,10,3.9,0
20081115,30434,37.57,96.06,12,3.6,0
20081120,71264,37.8,95.74,22,3.5,0
20081123,13497,37.58,96.11,19,3.4,0
20081129,6659,33.22,93.68,10,2.8,0
20081130,80168,34.38,93.22,9,4,0
20081201,15127,33.41,97.28,15,3.9,0
20081206,37474,37.64,95.62,9,4.8,1
20081212,38333,38.36,91.01,13,3.3,0
20081217,57018,37.53,96.02,20,3.1,0
20081218,63563,36.88,96.41,26,4.5,1
20081227,46566,37.62,94.62,14,4,0
20081229,54428,34.28,90.52,15,4,0
20081231,24798,35.39,99.48,12,3.2,0
20090101,50468,33.27,100.83,13,3,0
20090102,85629,37.49,95.78,8,3.3,0
20090103,60659,37.06,96.74,7,3.5,0
20090106,21177,33.2,100.87,8,4,0
20090118,28584,37.64,95.87,9,3,0
20090123,6997,37.61,100.74,7,3.2,0
20090124,75450,33.09,93.53,4,3.5,0
20090124,76021,33.14,93.7,7,3.4,0
20090201,41758,37.07,98.53,5,3,0
20090212,62565,35.64,99.24,9,3.6,0
20090222,7886,32.94,91.82,11,3.6,0
20090305,8201,37.4,95.89,5,3.2,0
20090308,60456,37.5,95.93,6,3.6,0
20090325,79643,35.21,91,11,3.4,0
20090329,81733,38.2,91.48,6,3.2,0
20090403,75175,34.7,97.57,7,3.4,0
20090405,23872,37.55,95.9,8,3,0
20090406,48851,34.24,93.29,11,4.1,1
20090409,22596,37.65,95.53,8,3.4,0
20090409,57526,35.9,92.66,7,3.6,0
20090409,60009,35.92,92.83,6,3.9,0
20090410,20432,33.62,93.6,10,3.5,0
20090421,20601,37.56,95.9,8,3.1,0
20090422,56057,38.22,97.12,7,3.5,0
20090424,4717,37.86,99.53,6,3,0
20090510,28914,36.25,101.88,7,3.4,0
20090514,14956,33.26,93.32,13,4.3,1
20090514,26895,34.5,91.86,6,3.5,0
20090520,9369,35.2,91.18,9,4.1,1
20090527,40511,38.83,98.2,6,3.2,0
20090529,4997,34.35,93.17,15,4.2,1
20090616,70938,33.68,91.56,8,3,0
20090617,61259,36.54,99.98,7,4.1,1
20090618,86058,32.36,96.18,6,3.3,0
20090621,45985,36.06,90.29,6,4.6,1
20090627,48008,38.93,92.26,6,3,0
20090705,76735,37.64,95.78,6,3.2,0
20090706,1876,37.84,101.25,6,3,0
20090706,37262,37.68,95.84,7,3.6,0
20090706,48505,37.82,101.2,9,3.2,0
20090707,66600,35.85,89.89,7,3.3,0
20090707,78281,35.89,89.96,7,3.3,0
20090713,27089,36.31,100.23,8,3,0
20090713,33633,32.72,97.28,20,3.1,0
20090721,42150,38.52,93.56,10,4,0
20090723,26691,37.56,95.83,11,3,0
20090724,44187,32.07,96.33,8,3.3,0
20090811,2945,38.9,92.15,4,3,0
20090818,39477,37.61,95.8,8,3.1,0
20090819,73866,37.45,94.42,6,4.4,1
20090819,82488,37.45,94.45,8,3.5,0
20090820,2243,37.43,94.56,7,3.5,0
20090820,2486,37.46,94.59,7,3,0
20090820,64540,37.45,94.43,8,3.5,0
20090822,82603,38.47,90.18,6,3.4,0
20090823,25395,38.46,90.19,10,3.5,0
20090828,35526,37.6,95.9,10,6.6,1
20090828,35969,37.7,95.77,6,3.9,0
20090828,36014,37.59,95.53,6,4.1,1
20090828,36066,37.76,95.48,14,3,0
20090828,36073,37.54,95.6,7,3,0
20090828,36216,37.67,95.76,7,3.4,0
20090828,36282,37.71,95.66,6,3.1,0
20090828,36367,37.69,95.8,8,3.9,0
20090828,36462,37.44,95.66,7,3.3,0
20090828,36527,37.64,95.69,13,3.2,0
20090828,36799,37.69,95.73,10,3.4,0
20090828,36897,37.7,95.84,6,5.5,1
20090828,36967,37.77,95.84,7,5,1
20090828,37165,37.69,95.73,7,3.2,0
20090828,37508,37.68,95.69,10,3.4,0
20090828,37816,37.77,95.78,7,4.2,1
20090828,37938,37.7,95.69,6,3.9,0
20090828,38267,37.67,95.65,8,3.1,0
20090828,38550,37.66,95.78,6,4.2,1
20090828,38788,37.68,95.72,7,3,0
20090828,38922,37.67,95.72,5,3,0
20090828,39760,37.67,95.73,8,3.5,0
20090828,39960,37.71,95.69,10,3.5,0
20090828,40002,37.72,95.66,9,3.1,0
20090828,40196,37.7,95.67,9,3,0
20090828,40514,37.71,95.83,7,3.7,0
20090828,40662,37.76,95.71,7,3,0
20090828,40721,38.05,97.94,6,3.5,0
20090828,40918,37.73,96.01,8,3,0
20090828,40976,37.72,95.69,4,3.2,0
20090828,43384,37.81,95.85,9,3.5,0
20090828,43757,37.67,95.65,7,3.2,0
20090828,43960,37.67,95.7,10,4.1,1
20090828,44919,37.72,95.79,7,4.4,1
20090828,45114,37.72,95.98,7,3.1,0
20090828,45467,37.66,95.66,4,3.3,0
20090828,45706,37.71,95.7,7,4.4,1
20090828,45966,37.67,95.7,8,3.8,0
20090828,46510,37.76,96.07,10,3,0
20090828,49272,37.69,95.67,7,3.4,0
20090828,50308,37.75,95.65,8,4.3,1
20090828,51042,37.71,95.97,9,3.2,0
20090828,51165,37.75,95.63,7,3.8,0
20090828,52377,37.66,95.62,7,3.7,0
20090828,56151,37.63,95.7,9,3,0
20090828,56835,37.65,95.75,7,3.4,0
20090828,57639,37.63,95.78,7,3.7,0
20090828,61144,37.75,95.79,7,3.2,0
20090828,63205,37.65,95.74,7,3.6,0
20090828,65639,37.67,95.79,7,4.4,1
20090828,66846,37.75,95.69,6,3.5,0
20090828,67181,37.75,95.82,7,3.7,0
20090828,68363,37.67,95.61,6,3,0
20090828,71418,37.68,95.8,8,3,0
20090828,75569,37.7,95.78,7,3.3,0
20090828,76402,37.68,95.7,7,3.2,0
20090828,77091,37.7,95.81,7,3.6,0
20090828,78387,37.62,95.77,7,3,0
20090828,78445,37.7,96.06,7,3.1,0
20090828,78504,37.76,95.81,7,3.4,0
20090828,80856,37.75,96.2,7,3.1,0
20090828,81533,37.73,95.76,6,3.4,0
20090828,84632,37.65,95.93,8,3.9,0
20090828,85150,37.78,96.14,6,3.1,0
20090829,1721,37.63,95.73,10,5.2,1
20090829,1921,37.77,96.14,11,3.1,0
20090829,13888,37.76,95.77,8,3.8,0
20090829,14524,37.73,96.08,7,3.2,0
20090829,15581,37.63,95.88,7,3.3,0
20090829,26142,37.73,95.7,6,3.9,0
20090829,26248,37.76,95.94,8,3.2,0
20090829,31507,37.66,95.64,7,3.4,0
20090829,36800,37.7,95.7,10,3.1,0
20090829,53570,37.66,95.66,12,3.1,0
20090829,58362,37.66,95.66,11,3.1,0
20090829,60229,37.65,95.78,7,3,0
20090829,73218,37.64,95.69,7,3.1,0
20090830,5861,37.68,95.64,7,3,0
20090830,9831,37.67,95.8,7,4.7,1
20090830,17700,37.66,95.8,5,4,0
20090830,43883,37.66,95.75,6,3.9,0
20090830,52305,37.66,95.65,9,3,0
20090830,58827,37.72,95.78,6,4.1,1
20090830,83150,37.64,95.84,7,3.4,0
20090831,2495,37.64,95.61,10,4.3,1
20090831,4550,37.85,95.65,10,5.3,1
20090831,4814,37.71,95.95,7,3.1,0
20090831,5828,37.68,95.64,5,3.3,0
20090831,5963,37.64,95.65,6,3.4,0
20090831,5991,37.65,95.68,2,3.5,0
20090831,6166,37.65,95.61,9,3.4,0
20090831,6972,37.66,95.6,9,3,0
20090831,7665,37.65,95.61,8,3.3,0
20090831,8252,37.66,95.64,9,3.2,0
20090831,15260,37.62,95.62,7,3.2,0
20090831,16341,37.66,95.63,8,3.3,0
20090831,20656,37.71,95.71,8,3.8,0
20090831,46895,37.61,95.7,6,3.7,0
20090831,54532,37.65,95.56,7,3.1,0
20090831,65729,37.74,95.98,7,6.1,1
20090831,66360,37.64,95.91,9,4.2,1
20090831,66420,37.61,96.12,11,3.2,0
20090831,67940,37.65,95.95,7,3.6,0
20090831,70180,37.68,95.93,9,3.4,0
20090831,71962,37.72,95.67,8,3.6,0
20090831,72334,37.59,95.93,5,3.6,0
20090831,76809,37.63,95.79,5,3.1,0
20090831,78186,37.69,95.73,8,3.1,0
20090831,79428,37.76,96.01,7,3.1,0
20090831,79473,37.61,95.93,7,4.1,1
20090831,79648,37.67,96.29,6,3.1,0
20090901,3354,37.62,95.93,5,3.7,0
20090901,18616,37.62,95.91,6,3.6,0
20090901,21096,37.65,96.05,8,5.1,1
20090901,21498,37.63,95.94,7,3.3,0
20090901,23269,37.67,95.92,6,4.8,1
20090901,23493,37.62,96,2,3,0
20090901,23599,37.74,96.34,6,3.5,0
20090901,26017,37.59,95.95,8,3,0
20090901,29764,37.7,95.97,7,4.5,1
20090901,31802,37.62,95.85,9,3.7,0
20090901,32076,37.63,96.04,5,3.4,0
20090901,32481,37.63,95.95,7,3.1,0
20090901,34374,37.69,95.77,7,3.3,0
20090901,39350,37.63,95.94,8,3.1,0
20090901,40240,37.65,95.88,7,3.3,0
20090901,40289,37.62,95.91,6,3,0
20090901,65211,37.68,95.73,9,4.2,1
20090901,73704,37.64,95.92,9,3.8,0
20090901,76746,37.61,95.94,8,3.3,0
20090901,86324,37.69,95.73,8,3.4,0
20090902,2364,37.68,95.97,7,3.5,0
20090902,10456,37.65,95.99,7,3.1,0
20090902,12058,37.63,95.96,6,3.6,0
20090902,13725,37.67,95.65,8,3.1,0
20090902,13763,37.69,95.72,8,3,0
20090902,43987,37.68,95.67,10,4.1,1
20090902,49459,37.63,95.9,8,3,0
20090902,70790,37.66,95.6,9,3.1,0
20090902,70833,37.68,95.66,7,3.9,0
20090902,73726,37.67,95.64,8,3.5,0
20090903,4009,37.67,95.65,7,3,0
20090903,38401,37.57,95.88,7,3.6,0
20090903,43982,37.64,95.82,8,3.6,0
20090903,52394,37.68,95.57,10,3.4,0
20090903,62258,37.65,96.13,9,3,0
20090903,62613,37.64,96.02,9,3.2,0
20090903,64469,37.73,96.07,7,3,0
20090903,66202,37.7,95.69,6,3.8,0
20090904,34234,37.62,95.97,8,3,0
20090904,58377,37.63,95.83,8,4.2,1
20090904,61963,37.67,95.95,9,4.1,1
20090904,74064,37.68,95.64,7,3.9,0
20090905,45620,37.65,95.66,8,3.8,0
20090905,57567,37.59,95.81,7,3.1,0
20090905,58570,37.59,95.79,9,3.3,0
20090905,61159,37.67,95.8,9,4.2,1
20090906,81935,37.76,95.72,7,3.3,0
20090907,41648,37.62,95.71,6,3,0
20090909,41436,37.62,95.76,12,3.2,0
20090909,68678,37.71,95.64,7,4,0
20090910,30009,37.51,95.84,7,4.7,1
20090910,33156,37.67,95.86,9,3.1,0
20090910,45779,37.75,95.73,6,3.4,0
20090910,51417,37.68,95.66,5,3,0
20090910,56755,37.67,95.8,9,3.3,0
20090912,39767,37.73,95.79,7,3.3,0
20090912,82313,37.7,95.63,9,3.5,0
20090914,34258,37.64,95.81,6,3.1,0
20090915,69681,37.63,95.73,8,3.9,0
20090916,543,37.58,95.78,13,3.4,0
20090917,12643,37.65,95.98,7,3.1,0
20090917,62660,37.58,96.03,10,4.6,1
20090918,29590,37.67,95.63,7,3.1,0
20090918,30390,37.7,95.65,5,3,0
20090918,31405,37.67,95.66,8,4.7,1
20090918,31752,37.56,95.42,9,3.3,0
20090918,31805,37.66,95.62,6,3.2,0
20090918,32648,37.66,95.65,7,3.5,0
20090918,53630,37.66,95.66,6,4.9,1
20090918,54133,37.68,95.68,7,5,1
20090918,55918,37.68,95.75,7,3.7,0
20090918,57699,37.3,95.55,10,3.8,0
20090918,64111,37.67,95.62,7,3,0
20090918,76648,37.73,95.77,8,3.3,0
20090919,34031,37.42,94.56,4,3.9,0
20090919,72876,37.66,95.61,7,3,0
20090920,60458,37.82,96.2,7,3.3,0
20090920,73344,37.73,95.69,8,3.4,0
20090921,23706,37.62,95.94,7,3.1,0
20090923,37380,33.27,92.15,7,3.7,0
20090923,65899,37.65,95.66,7,3.4,0
20090923,76892,37.68,95.72,6,3.9,0
20090924,20457,37.62,95.72,7,3.4,0
20090924,49621,37.82,95.74,5,3.9,0
20090926,36340,33.09,92.1,7,3.6,0
20090926,43244,33.04,92.15,8,3,0
20090926,60447,33.05,92,9,3.1,0
20090927,82457,37.64,95.93,9,3.2,0
20090928,38226,37.93,98.27,7,3.9,0
20090928,38601,35.75,95.79,6,4.6,1
20090928,41696,35.76,95.78,7,3.9,0
20090928,53594,37.89,98.3,9,3,0
20090929,22294,35.25,92.27,10,3.2,0
20090929,40286,37.71,95.72,7,3.6,0
20090929,80676,37.42,94.53,7,3.4,0
20090930,5171,37.67,95.8,8,3,0
20090930,70025,37.58,95.81,6,4.1,1
20091003,21200,38.45,97.3,7,3.2,0
20091003,80745,37.64,95.69,9,3,0
20091013,35964,37.56,95.9,6,3.3,0
20091017,12552,35.24,92.19,9,4.9,1
20091018,75821,37.65,95.81,7,3.1,0
20091019,27098,35.19,92.34,3,4,0
20091021,68283,35.47,91.79,18,3.4,0
20091023,15776,35.42,91.93,6,3.1,0
20091023,70329,34.85,99.42,5,4.5,1
20091024,4962,34.82,99.41,10,3.8,0
20091025,70888,35.36,92.17,9,3.1,0
20091027,4573,36.34,98.63,2,3,0
20091030,84831,37.66,95.61,6,3.2,0
20091103,8838,37.67,95.75,6,3.6,0
20091103,52908,37.67,95.8,10,3,0
20091104,69637,37.58,95.8,7,4.1,1
20091104,83264,37.57,95.81,9,3,0
20091105,21371,37.59,95.77,5,5.3,1
20091112,49926,37.61,95.93,8,3.5,0
20091113,50628,37.85,99.57,10,3.1,0
20091117,14873,35.89,92.97,5,3.6,0
20091117,23791,34.24,91.71,3,3,0
20091118,19135,38.53,90.83,13,3.6,0
20091202,40754,34.45,91.17,4,3.1,0
20091203,38305,37.69,95.78,9,3.4,0
20091213,78005,37.67,95.81,10,3.1,0
20091216,49893,33.78,92.76,18,3.5,0
20091216,82495,37.43,96.52,5,3.2,0
20091217,10036,37.7,95.75,10,3.4,0
20091221,47707,37.57,96.65,6,5,1
20100102,84605,37.74,95.77,9,3.6,0
20100103,48140,34.24,92.22,10,3.3,0
20100112,55313,37.57,95.88,10,3.1,0
20100125,896,36.51,97.87,10,3,0
20100126,24122,37.65,95.69,6,3.4,0
20100204,5446,34.49,93.23,11,3.5,0
20100216,7491,37.69,95.6,10,3.2,0
20100220,57569,33.11,92.17,24,3.2,0
20100220,67993,37.7,95.61,10,3.4,0
20100223,72803,35.3,91.25,10,4.6,1
20100224,28798,33.11,95.63,10,3.3,0
20100302,45675,35.72,95.82,6,3.5,0
20100303,21750,33.94,93.4,10,3.5,0
20100303,82811,35.34,91.46,10,3.2,0
20100306,11940,35.07,95.94,5,4.8,1
20100307,18904,34.47,93.32,10,3,0
20100310,1861,38.26,91.06,8,3.6,0
20100324,21743,37.21,98.73,3,3.3,0
20100409,24958,33.23,92.5,10,3.3,0
20100409,45531,37.56,95.78,17,4.1,1
20100409,54488,37.56,95.78,10,3.7,0
20100414,20399,33.11,96.59,15,4.8,1
20100414,28176,33.22,96.59,14,7.3,1
20100414,28876,33,96.89,6,4.9,1
20100414,29131,32.91,96.72,8,3.9,0
20100414,29335,32.98,96.8,12,3.6,0
20100414,29544,33.04,96.4,9,4.9,1
20100414,32381,32.77,97.01,8,3.8,0
20100414,32658,33.93,96.87,7,3.5,0
20100414,33916,33.22,96.57,17,6.4,1
20100414,34908,33.16,96.56,5,3.4,0
20100414,40547,33.03,96.51,12,4.2,1
20100414,47303,33.08,96.57,25,3.2,0
20100414,61551,33.09,96.75,10,3.4,0
20100414,73170,32.97,96.99,10,4.2,1
20100415,6357,33.01,96.97,10,3.2,0
20100415,8219,33.13,96.29,6,3,0
20100415,43206,33.01,96.99,10,4.1,1
20100415,53595,32.92,97.08,5,3.4,0
20100415,69477,33.15,96.65,10,3.3,0
20100416,9017,33.09,96.76,10,4.3,1
20100416,23828,32.99,96.98,10,3.8,0
20100417,25453,33.17,96.49,7,3.6,0
20100418,45115,32.85,92.38,6,3.3,0
20100418,60221,33.19,96.71,10,3.2,0
20100418,81386,33.14,96.74,10,3.5,0
20100420,31811,33.28,96.19,10,3.3,0
20100420,36381,33.14,96.64,9,3,0
20100420,42001,37.69,95.74,10,4,0
20100421,15819,33.08,96.74,10,3.8,0
20100421,27812,33.12,96.73,6,3.5,0
20100421,46993,33.3,96.24,10,3,0
20100422,63563,33.35,93.92,10,3.2,0
20100426,65814,33.28,96.53,11,3,0
20100429,2917,33.19,96.52,10,4.6,1
20100429,3232,33.21,96.52,4,3.9,0
20100506,81501,37.62,98.79,10,4.1,1
20100509,61499,36.37,102.79,3,3.1,0
20100522,34336,37.55,92.28,5,3,0
20100523,9425,33.33,96.2,10,3.1,0
20100529,37790,33.26,96.21,10,5.9,1
20100529,37943,33.28,96.24,7,3.8,0
20100529,38083,33.27,96.2,11,3,0
20100529,38370,33.29,96.21,10,3.5,0
20100529,38633,33.31,96.22,9,4.3,1
20100529,38727,33.31,96.22,10,3.9,0
20100529,38813,33.32,96.2,5,4,0
20100529,40276,33.3,96.18,10,4,0
20100529,46237,33.27,96.21,5,3.1,0
20100529,48455,33.3,96.22,10,3,0
20100529,49774,33.28,96.2,10,3,0
20100529,49796,33.31,96.19,10,3.1,0
20100529,52897,33.31,96.23,10,3.1,0
20100529,55093,33.29,96.24,10,3.2,0
20100529,65789,33.35,96.2,6,3.4,0
20100529,81283,33.31,96.24,10,3.4,0
20100530,30282,33.28,96.22,5,3.6,0
20100530,51685,33.35,96.22,10,3.3,0
20100530,63723,37.1,95.78,10,3.8,0
20100531,39275,33.44,96.36,10,3,0
20100531,62112,33.34,96.22,10,3,0
20100601,21302,33.27,96.22,6,3.1,0
20100601,34863,33.29,96.18,9,3.2,0
20100602,38184,33.27,96.23,10,3.9,0
20100603,47180,33.34,96.2,8,3.9,0
20100603,48942,33.31,96.22,11,5.4,1
20100603,49134,33.31,96.23,8,3.1,0
20100603,49617,33.28,96.31,10,4.3,1
20100603,49736,33.31,96.2,14,3.5,0
20100603,53185,33.33,96.21,9,3.5,0
20100603,59021,33.31,96.18,8,3.1,0
20100603,62384,33.33,96.23,9,3.3,0
20100603,73918,33.33,96.18,8,3.4,0
20100604,17224,33.31,96.2,7,5,1
20100604,23843,33.33,96.23,11,3.2,0
20100604,36046,33.3,96.11,4,3.7,0
20100605,11128,33.29,96.19,8,3.5,0
20100605,13131,33.02,97.05,24,3,0
20100605,15166,33.28,96.23,6,3.2,0
20100606,76266,33.34,96.24,10,3.3,0
20100607,2562,33.31,96.2,10,4.8,1
20100607,5310,33.29,96.2,10,4,0
20100607,12373,37.59,94.57,10,3.2,0
20100607,13997,33.3,96.2,10,3.1,0
20100607,45014,33.24,96.2,10,3.3,0
20100607,48989,33.32,96.24,6,3.7,0
20100607,51896,33.34,96.23,10,3.4,0
20100610,9088,33.33,96.18,9,3.3,0
20100611,57626,37.65,95.96,10,4,0
20100612,9072,37.68,95.74,10,3,0
20100615,58110,33.38,96.31,6,4.4,1
20100617,21911,37.72,92.23,6,3.3,0
20100618,79816,33.32,96.21,10,3.4,0
20100619,65899,33.28,96.21,10,3.5,0
20100623,46431,32.58,97.42,10,3.1,0
20100624,56930,33.42,95.31,7,3.2,0
20100630,34396,38.48,93.55,5,3.3,0
20100630,76150,33.24,93.88,5,4.3,1
20100701,11804,38.48,93.55,10,4.3,1
20100701,24711,38.5,93.52,10,3.3,0
20100703,58165,37.48,96.08,7,3,0
20100707,65703,38.38,94.52,17,3.1,0
20100713,43622,34.21,96.29,16,4.5,1
20100715,19168,36.81,97.52,10,4.1,1
20100718,35490,33.13,92.28,10,3,0
20100718,75629,33.65,91.64,10,3.1,0
20100723,58102,38.27,98.53,10,3.3,0
20100725,8650,35.75,101.68,10,3.1,0
20100726,31716,39.1,96.98,6,3.8,0
20100727,52558,36.33,95.59,10,3.2,0
20100804,77490,36.87,94.43,10,3.2,0
20100819,21011,37.69,95.61,8,3.3,0
20100825,5961,35.51,99.5,5,3.5,0
20100825,26274,35.51,99.5,4,4.1,1
20100829,9437,33.11,91.95,21,3.4,0
20100902,84511,35.67,94.4,10,3.2,0
20100903,26940,34.2,96.28,10,3.1,0
20100904,84692,33.36,96.29,10,3.4,0
20100908,17459,33.28,96.28,30,4.8,1
20100908,35889,33.31,96.26,10,4.2,1
20100909,45260,33.31,96.26,10,3.4,0
20100909,48609,33.32,96.29,10,3.3,0
20100914,20728,33.27,96.21,10,3,0
20100921,23914,35.35,99.32,10,3.3,0
20100924,78192,38.26,91.74,10,4.5,1
20100926,30240,37.71,95.78,10,3.5,0
20101004,57508,33.31,96.2,10,3.6,0
20101006,52462,33.32,96.21,10,3.3,0
20101006,55160,33.32,96.19,10,3.2,0
20101006,55189,33.31,96.23,10,3.5,0
20101006,69618,36.24,92.8,10,3.2,0
20101007,56832,33.29,91.38,10,3.1,0
20101007,61861,33.64,90.88,10,4.6,1
20101018,41662,35.53,95.61,10,3,0
20101107,72852,38.28,91.68,10,3.4,0
20101116,10519,32.78,97.25,10,3.9,0
20101116,13109,35.77,95.83,10,3.5,0
20101127,25623,33.35,96.03,10,3.8,0
20101201,65230,38.24,91.7,10,3.7,0
20101203,9651,38.47,97.68,10,3,0
20101206,60397,32.56,93.52,9,3.5,0
20101209,72931,33.88,96.84,10,3.1,0
20101211,56800,38.24,91.73,10,3,0
20101216,54308,38.43,98.31,7,3,0
20101218,25136,34.1,91.61,10,3,0
20101222,80399,38.97,92.44,7,3.2,0
20101224,48750,37.69,95.87,10,3.1,0
20101227,28216,38.69,92.01,10,3.9,0
20110105,37796,38.11,94.72,10,3.2,0
20110108,71621,33.89,91.95,19,4.2,1
20110108,74266,33.94,92.11,10,3.3,0
20110108,74361,34.02,92.32,10,3,0
20110108,74637,33.92,92.17,10,3.1,0
20110109,8729,33.95,91.94,3,3,0
20110201,57062,37.56,95.98,10,3.3,0
20110202,10086,33.49,90.29,10,3.3,0
20110204,18531,35.99,99.22,10,3.2,0
20110204,19985,36,99.21,10,3.4,0
20110204,21939,35.99,99.22,10,3.5,0
20110204,23192,36.01,99.23,10,3.3,0
20110204,24559,35.99,99.23,10,3.4,0
20110204,25279,35.99,99.24,10,3.1,0
20110204,29996,36.01,99.2,10,3.2,0
20110204,35429,35.99,99.23,10,3,0
20110204,38355,38.72,91.74,10,4.6,1
20110208,20745,36.51,94.5,10,3.1,0
20110215,45383,32.92,91.92,10,3.2,0
20110217,7903,33.03,92.06,5,3.4,0
20110217,50386,32.91,91.92,10,3.6,0
20110218,66472,34.77,90.66,10,3.5,0
20110223,78323,38.71,91.13,8,3.8,0
20110224,18687,35.53,99.48,6,4.1,1
20110224,30076,35.52,99.48,6,4,0
20110224,33761,35.52,99.5,10,3.8,0
20110228,62654,32.97,91.97,7,3,0
20110301,1944,32.9,91.91,8,3.5,0
20110301,57163,37.06,93.18,10,3.7,0
20110303,57270,33.86,101.1,10,4,0
20110306,12281,32.83,92.27,10,4,0
20110314,69637,36.89,97.17,10,3,0
20110330,77866,32.92,92.09,10,3.1,0
20110406,490,33.33,96.21,10,3,0
20110407,10408,33.28,96.25,10,3,0
20110410,53798,35.26,91.26,10,3.8,0
20110412,4374,37.7,95.74,10,3.6,0
20110417,60559,34.08,98.32,10,3.1,0
20110425,52267,35.97,94.28,10,3.1,0
20110428,34333,37.78,95.5,10,3.1,0
20110430,73718,37.44,94.69,10,3.3,0
20110501,6694,37.44,94.71,10,3.4,0
20110502,49720,33.74,98.94,10,4.5,1
20110505,12473,34.34,100.51,10,3.7,0
20110509,59495,33.78,98.94,6,3.7,0
20110515,25580,33.23,92.05,10,3.3,0
20110515,34256,37.5,96.56,7,3.1,0
20110522,78625,37.53,95.86,10,3.5,0
20110528,26480,35.69,95.39,10,3.2,0
20110601,76107,37.54,96.59,10,3.5,0
20110602,23780,33.42,95.09,10,3,0
20110610,18802,34.33,100.81,10,3.8,0
20110610,33612,34.34,100.8,10,4.1,1
20110610,40621,34.32,100.79,10,3,0
20110615,51300,38.22,91.72,7,3.4,0
20110616,14833,38.06,91.2,10,3,0
20110618,33238,33.17,92.01,10,3.3,0
20110626,56895,32.4,96.05,20,5.3,1
20110626,57160,32.42,95.85,10,3.7,0
20110627,51425,32.39,95.86,10,3.4,0
20110628,3840,32.44,95.86,10,3,0
20110628,60864,32.42,95.9,10,3.6,0
20110629,68222,32.4,95.89,6,3,0
20110630,28381,32.34,95.81,7,3.3,0
20110702,18913,33.13,96.69,10,3.6,0
20110702,27064,33.17,96.7,10,3,0
20110704,60276,32.4,95.86,10,3.1,0
20110704,73035,32.44,95.86,10,3.9,0
20110710,79478,39.08,97.31,10,3.6,0
20110711,40859,33.15,96.69,6,3.4,0
20110718,72599,38.5,92.43,10,3.9,0
20110722,61401,33.28,96.24,10,3.2,0
20110727,27774,35.86,92.77,11,3.8,0
20110808,79522,35.74,99.21,10,3.2,0
20110810,61822,35.75,99.21,10,3.3,0
20110812,3974,37.7,95.78,10,4.4,1
20110812,5021,37.67,95.69,10,3.1,0
20110822,18329,34.92,92.18,10,3.1,0
20110825,44971,37,101.98,10,3.2,0
20110827,64463,33.18,92.05,6,3.1,0
20110830,1760,34.68,99.25,10,3.2,0
20110830,38598,35.74,99.19,4,3.5,0
20110831,23848,38.8,97.98,10,3.2,0
20110901,1220,35.74,99.19,10,3.5,0
20110909,86016,38.05,98.8,10,3.3,0
20110910,5944,38.39,97.88,10,3.7,0
20110911,23117,37.46,98.46,10,3.1,0
20110911,25611,37.44,97.16,10,3.3,0
20110911,80558,34.98,89.85,10,3.7,0
20110917,33365,35.74,99.2,10,3.2,0
20110921,850,38.42,90.15,8,3.1,0
20111001,47142,38.43,90.86,7,3.1,0
20111006,58745,33.15,96.67,10,3.3,0
20111013,67800,32.61,96.44,10,3.5,0
20111019,28539,37.9,98.26,10,3.4,0
20111021,26844,37.92,98.29,10,3.1,0
20111021,46603,38.86,93.54,10,3.1,0
20111024,6809,33.32,96.08,10,3.1,0
20111026,82884,35.79,95.86,10,3.1,0
20111031,35558,34.86,99.43,10,3.1,0
20111031,70826,32.82,94.4,10,3.1,0
20111101,49090,37.53,96.47,10,3.2,0
20111114,46940,35.98,94.3,10,3.2,0
20111214,20774,33.39,92.08,10,3.5,0
20111214,53803,36.91,96.52,8,3.6,0
20111214,53880,37,96.51,10,3.3,0
20111216,26989,35.18,90.06,3,3.4,0
20111220,3845,37.19,92.64,10,3.3,0
20111223,25042,38.02,97.93,10,3.1,0
20120107,51671,35.95,90.2,9,3.4,0
20120107,53320,33.21,95.56,6,3.2,0
20120109,22954,38.24,95.21,10,3.2,0
20120113,6546,34.23,95.3,10,3,0
20120113,48283,35.74,94.25,4,3,0
20120122,7364,34.03,94.2,10,3.2,0
20120127,49650,37.87,100.71,4,3.1,0
20120202,66453,37.47,98.42,10,3.3,0
20120210,732,32.93,96.88,10,3.3,0
20120217,75741,35.73,95.78,7,3.5,0
20120221,78806,36.06,100.2,8,3.9,0
20120227,45857,38.74,92.94,10,3,0
20120229,57457,38.91,92.9,9,4.2,1
20120229,58266,38.77,92.92,7,3.2,0
20120309,14758,38.42,90.24,10,3.6,0
20120310,63440,38.11,93.86,10,4.1,1
20120314,17827,36.63,97.82,3,3.6,0
20120314,82597,37.46,95.34,10,3.5,0
20120317,52122,37.47,96.01,7,3.3,0
20120320,6528,33.31,90.79,10,3.6,0
20120320,74256,33.29,90.88,10,3.5,0
20120321,18006,33.29,90.8,8,3.8,0
20120321,51248,34.26,91.81,11,4.1,1
20120321,64005,33.24,90.9,10,3.5,0
20120322,39687,33.31,90.83,10,3.2,0
20120328,21291,33.22,95.57,19,3.6,0
20120329,9095,33.22,95.54,8,3,0
20120329,50574,33.85,96.86,6,3.1,0
20120405,56124,33.73,92.99,10,3.6,0
20120419,47362,36.05,100.22,6,3.1,0
20120427,39176,34.09,100.78,5,3,0
20120430,51960,32.59,96.21,11,3.2,0
20120505,50316,33.2,95.58,13,4,0
20120528,46659,33.23,100.89,8,3.8,0
20120602,80132,38.33,98.27,10,4,0
20120603,67780,35.72,99.86,6,4.2,1
20120603,67932,35.69,99.88,7,3,0
20120606,65490,37.61,96.46,15,3.4,0
20120609,5119,35.22,91.07,10,3.4,0
20120621,55997,32.15,95.69,5,3.3,0
20120621,82503,37.44,92.31,5,3.4,0
20120709,82782,33.89,96.87,6,3.2,0
20120724,40219,37.57,92.3,4,3.6,0
20120817,6019,34.45,91.81,8,3.1,0
20120823,66033,34.26,100.64,6,3.3,0
20120824,18874,34.24,100.62,21,3,0
20120826,47903,35.27,89.91,8,4.8,1
20120827,34944,35.25,99.09,3,4.3,1
20120828,14880,35.09,89.62,10,3.9,0
20120901,52362,34.27,100.61,9,3,0
20120902,17222,38.18,90.92,5,3.2,0
20120927,74319,37.56,95.82,15,4.1,1
20121005,11274,35.7,99.18,6,3,0
20121013,54519,37.52,95.77,11,4.2,1
20121018,81455,33.09,99.78,9,3.6,0
20121019,79028,37.54,95.88,10,3,0
20121024,73610,37.8,95.59,7,3.3,0
20121103,60056,38.88,93.25,8,3.9,0
20121115,28828,32.78,92.24,5,4,0
20121117,19499,32.22,96.34,4,3.5,0
20121117,56152,38.19,91.11,17,3.5,0
20121117,56364,38.21,91.1,19,3.8,0
20121118,48202,36.96,93.61,13,3.5,0
20121125,19916,35.65,99.29,5,3,0
20121130,50903,35.74,99.15,5,3.4,0
20121203,26013,33.31,96.16,5,3.2,0
20121221,16958,36.59,97.4,6,3.2,0
20121226,37279,38.22,91.6,5,3.1,0
20121227,66914,38.23,91.73,10,3.4,0
20130103,33423,35.95,90,16,3.3,0
20130104,14266,34.88,97.1,10,3,0
20130104,32756,37.3,94.72,6,3.3,0
20130104,48113,37.29,94.71,9,3.2,0
20130108,16576,35.67,94.27,5,3.2,0
20130130,55075,35.51,90.32,7,3.1,0
20130130,62823,32.95,94.75,20,5.2,1
20130130,63178,32.86,94.8,8,3.9,0
20130130,69144,32.9,94.73,9,3.5,0
20130130,72968,32.88,94.78,8,3,0
20130131,5574,36.6,96.44,8,4.3,1
20130204,72294,32.87,94.76,7,4.7,1
20130204,84433,32.85,94.79,4,3.7,0
20130205,1915,32.87,94.73,5,3.2,0
20130205,48676,38.05,100.12,7,3.1,0
20130208,47112,35.53,95.6,7,3.3,0
20130211,77014,38.48,92.45,8,3,0
20130212,11580,38.5,92.45,8,5.1,1
20130212,22676,38.53,92.47,6,3.2,0
20130212,39311,32.86,94.75,15,4.4,1
20130215,67014,36.52,94.09,6,3.1,0
20130215,67053,36.69,94.42,4,3.5,0
20130216,8868,32.82,94.88,25,4,0
20130216,33472,36.55,94.45,8,3.1,0
20130217,31116,36.64,94.42,3,3.1,0
20130217,35215,33.6,90.4,8,3.2,0
20130218,70683,32.82,94.79,7,3.2,0
20130219,10832,38.43,92.44,14,3,0
20130223,11774,35.69,99.17,6,3.6,0
20130225,43647,37.73,100.97,8,3.4,0
20130225,70312,35.7,99.16,19,3,0
20130225,79731,35.71,99.17,4,3.6,0
20130227,66130,35.72,99.18,6,3,0
20130301,47492,35.74,99.18,6,3.1,0
20130305,59244,33.37,92.23,8,3,0
20130317,78297,33.28,100.81,5,3.4,0
20130320,32036,35.8,95.79,14,4.6,1
20130320,63688,35.72,99.16,10,3,0
20130324,42449,33.26,95.17,15,4,0
20130324,80793,33.26,95.34,7,3.4,0
20130325,73478,33.28,95.24,5,3.6,0
20130325,73732,33.26,95.29,20,4.4,1
20130326,42058,33.34,95.21,7,3,0
20130328,66404,37.26,97.14,6,4.1,1
20130328,76254,37.28,97.16,7,3.6,0
20130329,3010,37.27,97.17,6,3.8,0
20130329,47634,37.32,97.16,6,3,0
20130329,75181,37.25,97.2,10,4.1,1
20130329,75825,37.32,97.17,14,3.3,0
20130329,76559,37.3,97.19,14,3.1,0
20130330,16285,37.27,97.16,10,3.4,0
20130331,31438,38.49,90.22,6,3.3,0
20130404,9774,37.28,97.18,5,4.1,1
20130408,21052,37.31,97.17,8,3.3,0
20130411,85194,37.29,97.17,8,3.3,0
20130415,40642,33.3,95.22,10,3,0
20130417,68278,35.76,99.19,6,3.4,0
20130423,59755,33.59,90.41,7,3.1,0
20130424,85239,35.68,99.18,5,3,0
20130425,81427,35.69,99.18,8,3.2,0
20130427,5724,37.28,97.16,4,3.1,0
20130502,58148,33.8,94.39,7,3.2,0
20130502,73588,35.83,92.48,5,3.5,0
20130508,50018,35.72,99.16,5,4.3,1
20130508,56367,34.8,99.38,7,3,0
20130510,50174,37.52,95.85,3,3.1,0
20130517,46829,35.73,99.19,12,3.1,0
20130517,50315,35.68,99.18,5,3,0
20130521,3365,33.54,94.98,10,3.7,0
20130521,3411,33.61,94.85,7,3.4,0
20130603,14412,32.92,91.93,8,3,0
20130604,25823,32.87,92.03,5,3.2,0
20130605,31416,37.59,95.87,10,5.2,1
20130605,41810,37.55,95.86,6,3.5,0
20130607,13946,38.45,90.84,10,3.1,0
20130617,36784,33.72,91.66,10,3.9,0
20130629,45169,34.29,100.79,4,3.8,0
20140106,28340,35.75,99.13,18,3.1,0
20140107,7245,38.47,99.34,11,3.1,0
20140110,48903,32.52,95.96,26,3.3,0
20140119,84793,32.96,93.82,10,4.4,1
20140120,33953,37.54,96.61,6,3.1,0
20140121,36110,37.4,96.69,8,3.9,0
20140123,7490,33.18,92.36,10,3,0
20140125,29914,38.49,97.67,0,3.4,0
20140218,8373,38.49,90.24,8,3,0
20140225,36051,38.23,90.78,12,4.1,1
20140227,81302,33.7,98.94,10,3.1,0
20140302,18509,35.78,98.08,4,3.9,0
20140304,6291,38.41,90.17,4,3.5,0
20140310,81389,38.43,93.07,8,3.1,0
20140312,15113,38.5,93.06,32,3.1,0
20140312,15164,38.46,93.06,12,4,0
20140312,16215,38.45,93.07,11,3.1,0
20140313,56084,37.1,98.73,3,3,0
20140314,8240,33.89,92.61,10,3.5,0
20140317,17561,35.4,99.22,8,3.3,0
20140317,40582,38.46,93.09,14,3,0
20140318,56949,33.93,91.92,20,3.1,0
20140331,13153,38.59,93.97,14,3.2,0
20140426,57053,38.42,93.09,15,4.2,1
20140426,58441,38.42,93.08,8,3.2,0
20140427,36950,38.41,93.1,9,3.2,0
20140427,75500,38.41,93.11,6,3.3,0
20140427,77779,38.4,93.11,10,4.3,1
20140428,76316,38.34,93.15,6,3,0
20140504,32384,31.94,95.48,8,3.8,0
20140504,32490,31.96,95.47,9,3.3,0
20140504,36340,32,95.51,6,3,0
20140504,36385,31.99,95.53,10,3.9,0
20140509,2264,33.1,92.01,6,4.1,1
20140513,61500,37.04,97.03,7,3.2,0
20140528,32800,37.78,95.62,7,3,0
20140609,75077,38.12,100.16,6,3.5,0
20140619,22023,37.5,96.57,9,3.1,0
20140620,39840,37.62,95.93,10,3.8,0
20140623,58783,36.04,91.34,12,3.4,0
20140628,22332,33.93,92.43,8,3.5,0
20140711,11457,37.11,99.07,7,3.5,0
20140711,71504,36.66,96.71,7,3.3,0
20140722,26739,35.72,99.04,8,3.5,0
20140722,68077,33.34,96.15,8,3.2,0
20140724,2567,36.66,97.12,8,3.4,0
20140726,13942,38.49,97.71,6,3.2,0
20140726,14626,37.16,98.99,5,4.1,1
20140804,76202,38.02,91.47,6,3.4,0
20140807,66519,33.18,96.6,7,3.7,0
20140811,67805,34.84,99.02,7,4.3,1
20140812,73074,33.26,95.18,7,3.1,0
20140814,43718,36.97,95.94,6,3.7,0
20140814,85433,32.31,96.47,8,3.1,0
20140826,63623,34.28,101.99,7,3,0
20140914,35408,32.5,95.01,10,3,0
20140916,3336,32.82,95.83,13,3.6,0
20140917,81166,37.87,95.6,8,3.1,0
20140929,71677,31.99,95.5,7,3,0
20140930,4346,37.92,91.46,7,3.6,0
20140930,4375,38.05,91.44,7,3.8,0
20141002,86193,36.42,97.79,10,5.3,1
20141010,68503,36.45,97.82,7,3.7,0
20141021,51796,36.39,98.65,6,3.4,0
20141023,14017,33.05,93.26,10,3.4,0
20141023,15960,37.65,95.63,8,3,0
20141101,78257,36.84,98.04,8,3.3,0
20141109,5866,37.56,96.92,7,4.3,1
20141119,60838,36.92,96.5,8,3,0
20141127,39597,35.72,99.15,7,3.6,0
20141206,42770,38.41,99.51,16,3,0
20141208,14329,38.42,99.5,5,3.7,0
20150101,35314,38.8,91.93,7,3.1,0
20150104,54408,35.89,93.85,5,3.2,0
20150105,53613,37.02,97.92,8,3.5,0
20150105,81121,38.18,91.34,14,3.3,0
20150110,20432,35.72,99.19,9,3.2,0
20150115,25162,31.89,95.8,7,3.2,0
20150121,1973,32.88,95.14,9,3.2,0
20150126,17982,33.27,92.29,10,3.3,0
20150128,72635,33.1,96.2,8,3.4,0
20150130,13573,38.21,91.35,9,3.1,0
20150204,71597,34.72,99.06,9,4,0
20150204,76813,33.08,96.25,8,3.1,0
20150223,51361,33.56,92.35,10,3.5,0
20150302,45538,32.43,93.65,11,3.1,0
20150304,5120,37.59,95.75,9,3.3,0
20150304,69359,38.95,92.71,8,3.9,0
20150304,69437,38.94,92.8,5,3.2,0
20150320,76202,35.98,99.2,10,4.1,1
20150320,79300,35.98,99.19,8,3.7,0
20150322,69253,32.87,94.86,6,3.2,0
20150324,19742,35.99,99.2,6,3.3,0
20150326,34424,36.25,98.93,9,3,0
20150327,42295,36.26,94.04,8,3.4,0
20150404,60254,38.2,91.28,9,3.3,0
20150405,24498,38.2,91.29,12,3.6,0
20150407,23181,38.23,91.32,9,3.5,0
20150411,83584,38.31,91.27,10,3,0
20150412,8444,38.29,91.31,7,3,0
20150412,78486,38.35,91.27,8,3,0
20150412,79155,38.22,91.37,7,4,0
20150413,2611,38.25,91.32,7,3.1,0
20150413,33539,38.22,91.28,9,3.1,0
20150413,34129,38.27,91.31,7,3.6,0
20150413,34277,38.24,91.28,8,3.3,0
20150415,79666,38.31,91.3,8,3.2,0
20150416,2161,38.27,91.3,9,3.5,0
20150416,4029,33.81,94.13,8,3.2,0
20150416,4160,33.87,94.21,9,3.3,0
20150416,33129,33.78,94.03,12,3,0
20150416,34145,38.19,91.33,7,3,0
20150418,59212,38.29,91.29,8,3.2,0
20150419,70030,38.22,91.35,9,3.6,0
20150421,335,38.32,91.28,13,3,0
20150421,47197,38.29,91.3,8,3,0
20150422,68773,36.47,93.89,12,3.4,0
20150423,13916,34.73,97.36,7,3.1,0
20150423,74970,32.99,93.3,10,3.3,0
20150425,20548,38.28,91.31,6,3,0
20150425,83751,34.12,96.91,7,3.3,0
20150501,81897,37.46,92.65,9,4.2,1
20150501,82030,37.39,92.66,8,3.2,0
20150501,82121,37.41,92.61,10,3.3,0
20150502,11583,37.63,95.52,9,3.4,0
20150517,28666,37.46,92.66,9,4,0
20150517,69222,33.39,95.5,13,3.1,0
20150519,85456,38.15,94.03,8,3.1,0
20150528,50663,34.59,90.96,10,4.2,1
20150528,75156,38.04,95.29,9,3.1,0
20150530,29085,34.68,91,6,4.5,1
20150604,42463,34.61,91.03,10,3.8,0
20150606,69355,35.73,99.19,10,3.1,0
20150613,47668,33.23,96.56,10,3.5,0
20150708,52389,35.87,92.75,9,3.4,0
20150711,41658,35.51,99.49,7,3.4,0
20150718,18893,35.85,92.53,10,3.3,0
20150726,47001,36.97,99.69,6,3.2,0
20150809,41631,38.45,93.03,14,3.1,0
20150810,38256,35.71,99.17,9,3,0
20150814,69544,38.53,92.97,13,3.2,0
20150816,27528,38.42,93.14,12,3.5,0
20150816,29967,38.45,93.09,9,3.1,0
20150816,30199,38.46,93.09,9,3.1,0
20150826,18375,37.62,94.3,10,3.8,0
20150826,20188,37.63,94.28,4,3.6,0
20150908,61671,33.39,93.67,12,3.2,0
20150909,62108,32.78,93.64,9,3,0
20151007,75742,35.39,99.56,10,3.5,0
20151010,47514,38.53,93.55,11,3.3,0
20151012,65055,34.36,98.2,10,5.3,1
20151013,5841,34.28,98.38,9,3.2,0
20151015,10624,36,99.19,5,3.6,0
20151020,72128,38.46,90.14,7,3.2,0
20151030,52402,38.23,91.13,13,3.1,0
20151030,59665,38.23,91.15,8,3.3,0
20151030,67186,34.31,98.2,9,3.1,0
20151108,53986,32.51,96.13,5,3,0
20151120,56320,38.18,91.14,8,3.3,0
20151123,18161,38.01,100.39,10,5.3,1
20151123,22427,37.94,100.41,10,3.4,0
20151123,23084,37.94,100.4,9,3.2,0
20151123,30726,38.47,90.86,9,4,0
20151124,30866,37.94,100.42,7,3.2,0
20151125,85886,37.46,94.58,10,3.9,0
20151205,40446,36.56,93.09,6,3.5,0
20151210,39643,34.04,94.16,9,3,0
20151220,81901,32.77,94.54,7,3.4,0
20151228,72030,34.42,100.26,10,3,0
20160104,78970,36.37,97.63,10,4.2,1
20160107,66031,33.24,91.58,11,3,0
20160121,4392,37.66,101.65,10,6.4,1
20160121,4704,37.67,101.61,10,4.1,1
20160121,4782,37.63,101.63,11,3.3,0
20160121,4812,37.61,101.67,11,3,0
20160121,4929,37.69,101.57,10,3.1,0
20160121,5051,37.65,101.61,10,3.3,0
20160121,5092,37.64,101.66,10,3,0
20160121,6755,37.65,101.56,8,3,0
20160121,7040,37.66,101.64,10,3.3,0
20160121,8078,37.65,101.57,10,3.3,0
20160121,12307,37.69,101.6,10,3.3,0
20160121,17273,37.67,101.59,11,3.1,0
20160121,64527,37.65,101.65,8,3.4,0
20160122,31249,37.62,101.61,10,3.4,0
20160123,57771,37.69,101.6,6,3.6,0
20160123,84326,37.65,101.65,7,3.2,0
20160126,22991,35.78,98.89,10,3.5,0
20160128,63125,37.35,94.68,12,3.3,0
20160202,8851,37.67,101.57,10,3,0
20160202,66334,37.64,101.67,10,3.3,0
20160207,70396,35.78,95.84,8,3,0
20160214,34403,38.22,99.54,10,3.4,0
20160220,43704,38.96,92.43,8,3.7,0
20160221,23621,37.92,98.23,11,3.1,0
20160309,82622,37.46,98.36,10,3.1,0
20160312,54539,37.67,101.59,10,3,0
20160315,44901,34.76,99.05,10,3.4,0
20160321,79564,35.72,99.18,9,4.4,1
20160321,82967,35.72,99.19,9,3.6,0
20160321,83426,35.7,99.17,9,3,0
20160322,4343,35.72,99.19,9,3.9,0
20160322,72554,36.84,96.56,10,3.1,0
20160326,6454,35.69,99.21,8,3.4,0
20160326,35777,35.71,99.13,7,3,0
20160331,83649,35.72,99.16,11,3.2,0
20160404,21790,35.71,99.19,10,3.1,0
20160414,13227,32.81,94.95,9,3.5,0
20160503,23105,35.72,99.18,9,3,0
20160504,68332,33.37,90.38,6,3.4,0
20160516,28011,32.46,96.34,10,3.6,0
20160518,6878,32.48,96.4,9,3,0
20160521,81217,37.33,92.84,8,3.3,0
20160521,81288,37.36,92.84,9,3,0
20160524,32175,37.36,92.87,10,3.6,0
20160525,45682,34.45,100.26,6,3,0
20160601,59473,38.62,99.19,8,3.4,0
20160603,50000,35.72,99.2,9,3.6,0
20160620,25772,35.81,99.59,10,3.3,0
20160624,45619,36.9,94.44,9,3.4,0
20160629,86320,35.69,99.22,7,3.1,0
20160701,59023,35.67,99.02,6,3.4,0
20160710,5751,37.63,101.61,12,3.7,0
20160713,4993,38.49,90.17,9,3.8,0
20160713,69492,38.47,90.86,12,4.3,1
20160725,43738,35.7,99.17,10,3.2,0
20160728,12521,38.18,91.95,16,3.2,0
20160731,23868,38.04,91.41,11,3.2,0
20160809,16750,35.6,98.45,10,3.8,0
20160810,23420,38.66,90.68,10,4,0
20160813,59388,37.69,101.56,9,4.7,1
20160823,48740,35.87,91.42,5,4,0
20160825,13951,37.93,100.4,10,3.3,0
20160910,9588,35.86,92.53,8,3.1,0
20160926,32111,34.35,98.28,8,3.2,0
20160929,79133,34.08,89.99,9,3.3,0
20160930,36003,37.92,100.42,12,3.4,0
20161001,76284,34.16,90.26,9,3.7,0
20161004,852,32.65,97.35,9,3.3,0
20161010,38759,35.7,99.21,8,3.1,0
20161011,49404,35.88,95.84,10,3.4,0
20161015,65356,33.75,91.47,11,3.3,0
20161017,54888,32.89,95.02,9,6.3,1
20161017,55942,32.84,94.89,9,3.5,0
20161017,56015,32.87,94.86,8,4.1,1
20161017,57089,32.86,94.94,10,3,0
20161017,57254,32.83,94.87,9,3.1,0
20161017,57308,32.92,94.98,9,3.4,0
20161017,57544,32.83,94.88,9,3.3,0
20161017,57987,32.81,94.93,9,3.5,0
20161017,59077,32.88,94.93,9,4.4,1
20161017,59660,32.88,94.91,9,3.1,0
20161018,2622,33.88,96.85,8,3,0
20161018,17555,32.85,94.89,6,3.6,0
20161018,27706,32.84,94.86,10,3.6,0
20161020,28639,32.83,94.89,10,3.7,0
20161023,76808,33.82,94.25,12,3.4,0
20161029,70008,32.83,94.94,9,3.2,0
20161030,31846,32.83,94.9,6,3,0
20161030,65231,32.79,94.91,9,3.6,0
20161030,65668,32.82,94.91,5,3,0
20161229,45750,33.91,91.29,11,3.2,0
20161229,70805,33.92,91.3,11,3.2,0
20161230,1694,37.55,97.18,8,3.1,0
20170101,81042,37.83,99.67,8,3,0
20170112,52946,38.43,93.09,10,3.8,0
20180129,5262,33.47,91.45,7,3.6,0
20180209,17928,32.71,93.27,9,4,0
20180213,63124,36.91,96.78,9,4,0
20180413,1489,35.25,89.77,9,3.5,0
20180503,38842,34.55,96.59,9,3.6,0
20180504,49808,34.52,96.61,7,3,0
20180505,2263,34.55,96.6,8,4.8,1
20180506,62619,34.56,96.53,9,5.3,1
20180507,2462,34.54,96.55,9,3.3,0
20180513,59281,37.47,98.15,10,3.7,0
20180517,83202,38.7,98.11,9,3,0
20180604,69992,32.97,93.25,8,3.1,0
20180718,63203,37.5,94.58,9,3.3,0
20180803,34460,34.9,92.33,10,5.1,1
20180814,40257,32.76,97.21,8,3.4,0
20180909,28186,37.4,95.18,10,3.7,0
20180914,54801,34.92,92.33,9,3.4,0
